# Blender 4.5.3 LTS
# www.blender.org
mtllib archway_outpost.mtl
o venice
v -506.386932 358.000000 69.423401
v -538.386963 402.000000 69.423401
v -538.386963 358.000000 69.423401
v -506.386932 402.000000 69.423401
v 23.613068 358.000031 69.423401
v 23.613068 402.000031 69.423401
v -8.386917 402.000031 69.423370
v -8.386917 358.000031 69.423370
v -543.386963 358.000000 146.423401
v -543.386963 402.000000 74.423401
v -543.386963 402.000000 146.423401
v -543.386963 358.000000 74.423401
v 28.613098 358.000031 146.423355
v 28.613098 402.000031 146.423355
v 28.613068 402.000031 74.423401
v 28.613068 358.000031 74.423401
v -506.386902 358.000000 151.423386
v -538.386902 402.000000 151.423416
v -506.386902 402.000000 151.423386
v -538.386902 358.000000 151.423416
v 23.613068 358.000031 151.423370
v -8.386917 358.000031 151.423386
v -8.386917 402.000031 151.423386
v 23.613068 402.000031 151.423370
v -506.386902 358.000092 609.423401
v -538.386902 402.000092 609.423401
v -538.386902 358.000092 609.423401
v -506.386902 402.000092 609.423401
v 23.613068 358.000122 609.423401
v -8.386932 402.000122 609.423462
v -8.386932 358.000122 609.423462
v 23.613068 402.000122 609.423401
v -543.386841 358.000092 686.423340
v -543.386841 402.000092 614.423340
v -543.386841 402.000092 686.423340
v -543.386841 358.000092 614.423340
v 28.613098 358.000122 686.423462
v 28.613098 402.000122 614.423462
v 28.613098 358.000122 614.423462
v 28.613098 402.000122 686.423462
v -506.386902 358.000092 691.423401
v -538.386841 402.000092 691.423340
v -506.386902 402.000092 691.423401
v -538.386841 358.000092 691.423340
v 23.613098 358.000122 691.423462
v -8.386917 402.000122 691.423462
v 23.613098 402.000122 691.423462
v -8.386917 358.000122 691.423462
v -16.386963 418.000061 292.423401
v -16.386932 490.000061 244.423370
v -16.386932 418.000061 244.423370
v -16.386963 490.000061 292.423401
v -16.386932 418.000061 404.423401
v -16.386932 490.000061 356.423401
v -16.386932 418.000061 356.423401
v -16.386932 490.000061 404.423401
v -16.386917 418.000092 516.423401
v -16.386932 490.000061 516.423401
v -16.386932 490.000061 468.423370
v -16.386932 418.000092 468.423370
v -498.386902 418.000031 292.423401
v -498.386932 418.000031 244.423401
v -498.386932 490.000061 244.423401
v -498.386902 490.000061 292.423401
v -498.386932 418.000061 404.423401
v -498.386902 418.000061 356.423370
v -498.386902 490.000061 356.423370
v -498.386932 490.000061 404.423401
v -498.386902 418.000061 516.423279
v -498.386902 418.000061 468.423370
v -498.386902 490.000061 468.423370
v -498.386902 490.000061 516.423279
v -16.386932 482.000031 142.423401
v -16.386902 522.000061 78.423363
v -16.386902 482.000031 78.423363
v -16.386932 522.000061 142.423386
v -16.386932 358.000031 142.423401
v -16.386932 482.000031 142.423401
v -16.386902 482.000031 78.423363
v -16.386902 358.000031 78.423370
v -5.386902 418.000061 220.423370
v -5.386902 490.000061 220.423370
v -8.386932 490.000061 220.423370
v -8.386932 418.000061 220.423370
v -8.386932 490.000061 236.423401
v -8.386932 490.000061 220.423370
v -5.386902 490.000061 220.423370
v -8.386932 490.000061 244.423401
v -5.386932 490.000061 244.423370
v -5.386902 418.000061 220.423370
v -8.386932 418.000061 220.423370
v -8.386932 418.000061 236.423401
v -5.386932 418.000061 244.423370
v -8.386932 418.000061 244.423401
v -5.386932 418.000061 244.423370
v -5.386902 490.000061 220.423370
v -5.386902 418.000061 220.423370
v -5.386932 490.000061 244.423370
v -5.386932 418.000061 244.423370
v -8.386932 418.000061 244.423401
v -8.386932 490.000061 244.423401
v -5.386932 490.000061 244.423370
v -5.386932 418.000061 292.423401
v -8.386932 490.000061 292.423401
v -8.386932 418.000061 292.423401
v -5.386932 490.000061 292.423401
v -8.386963 490.000061 300.423401
v -8.386932 490.000061 292.423401
v -5.386932 490.000061 292.423401
v -8.386932 490.000061 316.423401
v -5.386932 490.000061 316.423401
v -8.386963 418.000061 300.423401
v -8.386932 418.000061 292.423401
v -8.386932 490.000061 292.423401
v -8.386963 490.000061 300.423401
v -8.386932 418.000061 316.423401
v -8.386932 490.000061 316.423401
v -5.386932 418.000061 292.423401
v -8.386932 418.000061 292.423401
v -8.386963 418.000061 300.423401
v -5.386932 418.000061 316.423401
v -8.386932 418.000061 316.423401
v -5.386932 418.000061 316.423401
v -5.386932 490.000061 316.423401
v -5.386932 490.000061 292.423401
v -5.386932 418.000061 292.423401
v -5.386932 418.000061 316.423401
v -8.386932 490.000061 316.423401
v -5.386932 490.000061 316.423401
v -8.386932 418.000061 316.423401
v -5.386932 418.000061 332.423401
v -5.386932 490.000061 332.423401
v -8.386932 490.000061 332.423401
v -8.386932 418.000061 332.423401
v -8.386948 490.000061 348.423431
v -8.386932 490.000061 332.423401
v -5.386932 490.000061 332.423401
v -8.386932 490.000061 356.423401
v -5.386932 490.000061 356.423401
v -5.386932 418.000061 332.423401
v -8.386932 418.000061 332.423401
v -8.386948 418.000061 348.423431
v -5.386932 418.000061 356.423401
v -8.386932 418.000061 356.423401
v -5.386932 418.000061 356.423401
v -5.386932 490.000061 356.423401
v -5.386932 490.000061 332.423401
v -5.386932 418.000061 332.423401
v -5.386932 418.000061 356.423401
v -8.386932 490.000061 356.423401
v -5.386932 490.000061 356.423401
v -8.386932 418.000061 356.423401
v -5.386932 418.000061 404.423401
v -8.386932 490.000061 404.423401
v -8.386932 418.000061 404.423401
v -5.386932 490.000061 404.423401
v -8.386948 490.000061 412.423370
v -8.386932 490.000061 404.423401
v -5.386932 490.000061 404.423401
v -8.386948 490.000061 428.423431
v -5.386932 490.000061 428.423401
v -5.386932 418.000061 404.423401
v -8.386932 418.000061 404.423401
v -8.386948 418.000061 412.423370
v -5.386932 418.000092 428.423401
v -8.386948 418.000092 428.423431
v -8.386948 418.000061 412.423370
v -8.386932 490.000061 404.423401
v -8.386948 490.000061 412.423370
v -8.386932 418.000061 404.423401
v -8.386948 418.000092 428.423431
v -8.386948 490.000061 428.423431
v -5.386932 418.000092 428.423401
v -5.386932 490.000061 428.423401
v -5.386932 490.000061 404.423401
v -5.386932 418.000061 404.423401
v -5.386932 418.000092 428.423401
v -8.386948 490.000061 428.423431
v -5.386932 490.000061 428.423401
v -8.386948 418.000092 428.423431
v -5.386932 418.000092 444.423401
v -5.386932 490.000061 444.423401
v -8.386932 490.000061 444.423401
v -8.386932 418.000092 444.423401
v -8.386948 490.000061 460.423370
v -8.386932 490.000061 444.423401
v -5.386932 490.000061 444.423401
v -8.386932 490.000061 468.423401
v -5.386932 490.000061 468.423401
v -5.386932 418.000092 444.423401
v -8.386932 418.000092 444.423401
v -8.386948 418.000092 460.423370
v -5.386932 418.000092 468.423401
v -8.386932 418.000092 468.423401
v -5.386932 418.000092 468.423401
v -5.386932 490.000061 468.423401
v -5.386932 490.000061 444.423401
v -5.386932 418.000092 444.423401
v -5.386932 418.000092 468.423401
v -8.386932 418.000092 468.423401
v -8.386932 490.000061 468.423401
v -5.386932 490.000061 468.423401
v -5.386932 418.000092 516.423340
v -8.386932 490.000061 516.423340
v -8.386932 418.000092 516.423340
v -5.386948 490.000061 516.423340
v -8.386932 490.000061 524.423340
v -8.386932 490.000061 516.423340
v -5.386948 490.000061 516.423340
v -8.386948 490.000061 540.423340
v -5.386917 490.000061 540.423340
v -8.386932 418.000092 524.423340
v -8.386932 418.000092 516.423340
v -8.386932 490.000061 516.423340
v -8.386932 490.000061 524.423340
v -8.386948 418.000092 540.423340
v -8.386948 490.000061 540.423340
v -5.386932 418.000092 516.423340
v -8.386932 418.000092 516.423340
v -8.386932 418.000092 524.423340
v -5.386917 418.000092 540.423401
v -8.386948 418.000092 540.423340
v -5.386917 418.000092 540.423401
v -5.386917 490.000061 540.423340
v -5.386948 490.000061 516.423340
v -5.386932 418.000092 516.423340
v -5.386917 418.000092 540.423401
v -8.386948 418.000092 540.423340
v -8.386948 490.000061 540.423340
v -5.386917 490.000061 540.423340
v -498.386902 482.000031 142.423401
v -498.386932 522.000061 78.423393
v -498.386902 522.000061 142.423386
v -498.386932 482.000031 78.423393
v -498.386902 358.000000 142.423401
v -498.386932 482.000031 78.423393
v -498.386902 482.000031 142.423401
v -498.386902 358.000000 78.423401
v -16.386932 482.000092 682.423401
v -16.386948 522.000122 618.423340
v -16.386948 482.000092 618.423340
v -16.386932 522.000122 682.423401
v -16.386917 358.000122 682.423462
v -16.386932 482.000092 682.423401
v -16.386948 482.000092 618.423340
v -16.386948 358.000122 618.423462
v -506.386902 418.000031 220.423401
v -506.386902 490.000061 220.423401
v -509.386932 490.000061 220.423401
v -509.386932 418.000031 220.423401
v -509.386932 490.000061 220.423401
v -506.386902 490.000061 220.423401
v -506.386932 490.000061 236.423401
v -509.386932 490.000061 244.423431
v -506.386932 490.000061 244.423401
v -506.386932 490.000061 236.423401
v -506.386902 418.000031 220.423401
v -506.386932 418.000031 236.423401
v -506.386902 490.000061 220.423401
v -506.386932 490.000061 244.423401
v -506.386932 418.000031 244.423401
v -506.386932 418.000031 236.423401
v -506.386902 418.000031 220.423401
v -509.386932 418.000031 220.423401
v -506.386932 418.000031 244.423401
v -509.386932 418.000031 244.423431
v -509.386932 418.000031 244.423431
v -509.386932 418.000031 220.423401
v -509.386932 490.000061 220.423401
v -509.386932 490.000061 244.423431
v -506.386932 418.000031 244.423401
v -509.386932 418.000031 244.423431
v -509.386932 490.000061 244.423431
v -506.386932 490.000061 244.423401
v -506.386902 418.000031 292.423370
v -509.386902 490.000061 292.423401
v -509.386902 418.000031 292.423401
v -506.386902 490.000061 292.423370
v -509.386902 490.000061 292.423401
v -506.386902 490.000061 292.423370
v -506.386902 490.000061 300.423401
v -509.386963 490.000061 316.423431
v -506.386932 490.000061 316.423401
v -506.386902 418.000031 300.423401
v -506.386902 418.000031 292.423370
v -509.386902 418.000031 292.423401
v -506.386932 418.000031 316.423401
v -509.386963 418.000031 316.423431
v -509.386963 418.000031 316.423431
v -509.386902 490.000061 292.423401
v -509.386963 490.000061 316.423431
v -509.386902 418.000031 292.423401
v -506.386932 418.000031 316.423401
v -509.386963 490.000061 316.423431
v -506.386932 490.000061 316.423401
v -509.386963 418.000031 316.423431
v -506.386932 418.000031 332.423401
v -506.386932 490.000061 332.423401
v -509.386902 490.000061 332.423401
v -509.386902 418.000031 332.423401
v -509.386902 490.000061 332.423401
v -506.386932 490.000061 332.423401
v -506.386902 490.000061 348.423401
v -509.386932 490.000061 356.423401
v -506.386902 490.000061 356.423370
v -506.386902 418.000061 348.423401
v -506.386932 418.000031 332.423401
v -509.386902 418.000031 332.423401
v -506.386902 418.000061 356.423370
v -509.386932 418.000061 356.423401
v -506.386902 490.000061 348.423401
v -506.386932 490.000061 332.423401
v -506.386932 418.000031 332.423401
v -506.386902 418.000061 348.423401
v -506.386902 490.000061 356.423370
v -506.386902 418.000061 356.423370
v -509.386932 418.000061 356.423401
v -509.386902 418.000031 332.423401
v -509.386902 490.000061 332.423401
v -509.386932 490.000061 356.423401
v -506.386902 418.000061 356.423370
v -509.386932 418.000061 356.423401
v -509.386932 490.000061 356.423401
v -506.386902 490.000061 356.423370
v -506.386932 418.000061 404.423401
v -509.386902 490.000061 404.423370
v -509.386902 418.000061 404.423370
v -506.386932 490.000061 404.423401
v -509.386902 490.000061 404.423370
v -506.386932 490.000061 404.423401
v -506.386963 490.000061 412.423431
v -509.386902 490.000061 428.423370
v -506.386902 490.000061 428.423370
v -506.386963 418.000061 412.423431
v -506.386932 418.000061 404.423401
v -509.386902 418.000061 404.423370
v -506.386902 418.000061 428.423370
v -509.386902 418.000061 428.423370
v -509.386902 418.000061 428.423370
v -509.386902 490.000061 404.423370
v -509.386902 490.000061 428.423370
v -509.386902 418.000061 404.423370
v -506.386902 418.000061 428.423370
v -509.386902 490.000061 428.423370
v -506.386902 490.000061 428.423370
v -509.386902 418.000061 428.423370
v -506.386902 418.000061 444.423370
v -506.386902 490.000061 444.423370
v -509.386932 490.000061 444.423401
v -509.386932 418.000061 444.423401
v -509.386932 490.000061 444.423401
v -506.386902 490.000061 444.423370
v -506.386902 490.000061 460.423370
v -509.386963 490.000061 468.423401
v -506.386932 490.000061 468.423401
v -506.386902 490.000061 460.423370
v -506.386902 490.000061 444.423370
v -506.386902 418.000061 444.423370
v -506.386902 418.000061 460.423370
v -506.386932 490.000061 468.423401
v -506.386932 418.000061 468.423401
v -506.386902 418.000061 460.423370
v -506.386902 418.000061 444.423370
v -509.386932 418.000061 444.423401
v -506.386932 418.000061 468.423401
v -509.386963 418.000061 468.423401
v -509.386963 418.000061 468.423401
v -509.386932 490.000061 444.423401
v -509.386963 490.000061 468.423401
v -509.386932 418.000061 444.423401
v -506.386932 418.000061 468.423401
v -509.386963 490.000061 468.423401
v -506.386932 490.000061 468.423401
v -509.386963 418.000061 468.423401
v -506.386902 418.000061 516.423340
v -509.386902 490.000061 516.423340
v -509.386902 418.000061 516.423340
v -506.386902 490.000061 516.423340
v -509.386902 490.000061 516.423340
v -506.386902 490.000061 516.423340
v -506.386902 490.000061 524.423279
v -509.386902 490.000061 540.423340
v -506.386902 490.000061 540.423340
v -506.386902 418.000061 524.423279
v -506.386902 418.000061 516.423340
v -509.386902 418.000061 516.423340
v -506.386902 418.000061 540.423340
v -509.386902 418.000061 540.423340
v -509.386902 418.000061 540.423340
v -509.386902 490.000061 516.423340
v -509.386902 490.000061 540.423340
v -509.386902 418.000061 516.423340
v -506.386902 418.000061 540.423340
v -509.386902 490.000061 540.423340
v -506.386902 490.000061 540.423340
v -509.386902 418.000061 540.423340
v -498.386902 482.000092 682.423340
v -498.386932 522.000122 618.423340
v -498.386902 522.000122 682.423340
v -498.386932 482.000092 618.423340
v -498.386902 358.000092 682.423401
v -498.386932 482.000092 618.423340
v -498.386902 482.000092 682.423340
v -498.386932 358.000092 618.423401
v -0.386932 566.000183 750.423401
v -184.386932 658.000000 18.423382
v -0.386902 566.000061 18.423359
v -184.386932 658.000061 750.423279
v -330.386902 658.000061 750.423340
v -514.386963 566.000000 18.423389
v -330.386963 658.000000 18.423412
v -514.386902 566.000122 750.423340
v -8.386932 418.000031 18.423399
v -8.386932 350.000031 18.423405
v -8.386932 350.000031 66.423409
v -8.386932 418.000031 70.423401
v -8.386932 474.000031 18.423395
v -8.386932 350.000031 70.423409
v -8.386932 474.000031 70.423393
v -8.386932 474.000031 150.423401
v -8.386932 418.000031 150.423401
v -8.386932 418.000061 220.423370
v -8.386932 350.000031 150.423401
v -8.386932 474.000061 236.423401
v -8.386932 418.000061 236.423401
v -8.386902 350.000031 154.423370
v -8.386932 402.888916 289.534515
v -8.386932 350.000061 380.423401
v -8.386948 418.000061 348.423431
v -8.386932 418.000061 404.423401
v -8.386932 418.000061 356.423401
v -8.386932 350.000061 380.423401
v -8.386932 418.000061 244.423401
v -8.386932 418.000061 292.423401
v -8.386963 418.000061 300.423401
v -8.386932 418.000061 316.423401
v -8.386932 418.000061 332.423401
v -8.386948 474.000061 348.423431
v -8.386963 474.000061 300.423401
v -8.386948 418.000061 348.423431
v -8.386948 418.000061 412.423370
v -8.386948 418.000061 412.423370
v -8.386902 402.888947 471.312286
v -8.386917 350.000122 606.423462
v -8.386932 418.000122 610.423340
v -8.386932 350.000122 610.423401
v -8.386948 474.000061 412.423370
v -8.386948 418.000092 428.423431
v -8.386932 418.000092 444.423401
v -8.386948 474.000061 460.423370
v -8.386948 418.000092 460.423370
v -8.386932 418.000092 468.423401
v -8.386932 418.000092 516.423340
v -8.386932 418.000092 524.423340
v -8.386948 418.000092 540.423340
v -8.386948 474.000092 610.423340
v -8.386932 474.000061 524.423340
v -8.386932 418.000031 18.423399
v -8.386932 474.000031 18.423395
v -506.386902 473.999969 18.423395
v -506.386902 418.000000 18.423399
v -8.386932 350.000031 18.423405
v -506.386902 350.000000 18.423405
v -506.386902 350.000000 66.423409
v -506.386902 350.000000 18.423405
v -506.386902 418.000000 18.423399
v -506.386902 350.000000 70.423439
v -506.386902 418.000000 70.423431
v -506.386902 473.999969 18.423395
v -506.386902 474.000031 70.423424
v -8.386948 418.000122 690.423340
v -8.386948 350.000122 690.423401
v -8.386917 350.000122 694.423462
v -8.386932 418.000122 742.423401
v -8.386963 474.000092 690.423340
v -8.386932 350.000122 742.423462
v -8.386932 474.000153 742.423401
v -506.386902 418.000031 220.423401
v -506.386902 418.000000 150.423416
v -506.386902 474.000031 150.423416
v -506.386902 350.000000 150.423416
v -506.386932 418.000031 236.423401
v -506.386902 350.000000 154.423416
v -506.386932 402.888885 289.534515
v -506.386902 350.000061 380.423401
v -506.386902 418.000061 356.423370
v -506.386932 418.000061 404.423401
v -506.386932 474.000061 236.423401
v -506.386932 418.000031 244.423401
v -506.386902 418.000031 292.423370
v -506.386902 418.000031 300.423401
v -506.386932 418.000031 316.423401
v -506.386932 418.000031 332.423401
v -506.386902 474.000061 348.423401
v -506.386902 418.000061 348.423401
v -506.386963 418.000061 412.423431
v -506.386902 402.888916 471.312256
v -506.386902 350.000092 606.423401
v -506.386902 350.000092 610.423401
v -506.386902 418.000061 540.423340
v -506.386902 474.000061 300.423401
v -506.386902 418.000061 428.423370
v -506.386902 418.000061 524.423279
v -506.386902 418.000092 610.423340
v -506.386963 474.000061 412.423431
v -506.386902 474.000061 460.423370
v -506.386902 418.000061 444.423370
v -506.386902 418.000061 516.423340
v -506.386902 474.000061 524.423279
v -506.386902 474.000092 610.423340
v -506.386902 418.000061 460.423370
v -506.386932 418.000061 468.423401
v -506.386932 350.000092 694.423462
v -506.386902 350.000092 690.423401
v -506.386902 418.000092 690.423340
v -506.386902 350.000092 742.423401
v -506.386902 418.000092 742.423340
v -506.386902 474.000092 690.423340
v -506.386902 474.000092 742.423340
v -506.386902 418.000092 742.423340
v -8.386932 474.000153 742.423401
v -8.386932 418.000122 742.423401
v -506.386902 474.000092 742.423340
v -506.386902 350.000092 742.423401
v -8.386932 350.000122 742.423462
v -8.386932 522.000061 70.423393
v -8.386932 558.000061 18.423389
v -8.386932 482.000031 70.423393
v -8.386932 474.000031 70.423393
v -8.386917 491.375031 71.048363
v -8.386932 522.000061 70.423393
v -8.386932 482.000031 70.423393
v -8.386932 499.500031 72.923393
v -8.386902 506.375031 76.048363
v -8.386932 512.000061 80.423393
v -8.386902 516.375061 86.048363
v -8.386902 519.500061 92.923363
v -8.386902 521.375061 101.048363
v -8.386932 522.000061 110.423393
v -8.386932 522.000061 110.423393
v -8.386932 522.000061 150.423386
v -8.386932 558.000061 150.423386
v -8.386917 521.375061 119.798363
v -8.386932 522.000061 150.423386
v -8.386932 519.500061 127.923363
v -8.386932 516.375061 134.798355
v -8.386917 512.000061 140.423370
v -8.386932 506.375031 144.798355
v -8.386902 499.500031 147.923370
v -8.386917 491.375031 149.798386
v -8.386932 482.000031 150.423401
v -8.386932 498.000061 236.423401
v -8.386932 490.000061 236.423401
v -8.386932 482.000031 150.423401
v -8.386932 474.000061 236.423401
v -8.386932 474.000031 150.423401
v -8.386932 558.000061 324.423401
v -8.386963 498.000061 300.423401
v -8.386948 498.000061 348.423431
v -8.386932 558.000061 324.423401
v -8.386963 498.000061 300.423401
v -8.386948 490.000061 348.423431
v -8.386963 490.000061 300.423401
v -8.386948 474.000061 348.423431
v -8.386932 558.000122 436.423370
v -8.386948 498.000061 460.423370
v -8.386948 498.000061 412.423370
v -8.386932 474.000031 18.423395
v -8.386963 474.000061 300.423401
v -8.386948 490.000061 460.423370
v -8.386948 558.000122 610.423340
v -8.386932 558.000122 436.423370
v -8.386948 498.000061 460.423370
v -8.386932 558.000183 742.423401
v -8.386948 522.000122 610.423340
v -8.386948 490.000061 412.423370
v -8.386948 474.000061 460.423370
v -8.386932 498.000061 524.423340
v -8.386948 482.000092 610.423340
v -8.386932 490.000061 524.423340
v -8.386948 474.000092 610.423340
v -8.386932 491.375092 611.048401
v -8.386948 522.000122 610.423340
v -8.386948 482.000092 610.423340
v -8.386917 499.500092 612.923340
v -8.386948 506.375092 616.048340
v -8.386948 512.000122 620.423340
v -8.386948 516.375122 626.048340
v -8.386948 519.500122 632.923340
v -8.386948 521.375122 641.048340
v -8.386963 522.000122 650.423340
v -8.386963 522.000122 650.423340
v -8.386963 522.000122 690.423340
v -8.386948 474.000061 412.423370
v -8.386932 474.000061 524.423340
v -8.386932 521.375122 659.798401
v -8.386963 522.000122 690.423340
v -8.386917 519.500122 667.923401
v -8.386917 516.375122 674.798401
v -8.386917 512.000122 680.423401
v -8.386963 506.375092 684.798340
v -8.386932 499.500092 687.923401
v -8.386917 491.375092 689.798340
v -8.386963 482.000092 690.423340
v -8.386963 482.000092 690.423340
v -8.386932 557.000183 741.673401
v -8.386932 557.875183 742.423401
v -8.386932 557.000183 741.673401
v -8.386932 474.000153 742.423401
v -8.386963 474.000092 690.423340
v -8.386932 522.000061 110.423393
v -8.386932 558.000061 18.423389
v -32.386902 558.000061 18.423359
v -32.386917 522.000061 110.423363
v -188.386948 648.000000 18.423351
v -32.386902 558.000061 18.423359
v -8.386932 558.000061 18.423389
v -8.386932 558.000061 18.423389
v -32.386902 558.000061 18.423359
v -292.958374 533.982178 18.423391
v -8.386932 474.000031 18.423395
v -326.386963 648.000000 18.423351
v -482.386932 558.000000 18.423389
v -482.386932 558.000000 18.423389
v -506.386932 558.000000 18.423359
v -506.386932 558.000000 18.423359
v -506.386932 557.875000 18.423359
v -506.386902 473.999969 18.423395
v -8.386932 558.000061 324.423401
v -32.386932 498.000061 300.423401
v -8.386963 498.000061 300.423401
v -32.386963 558.000061 324.423401
v -8.386948 498.000061 348.423431
v -32.386963 558.000061 324.423401
v -8.386932 558.000061 324.423401
v -32.386932 498.000061 348.423401
v -8.386948 498.000061 348.423431
v -8.386932 558.000061 324.423401
v -32.386963 558.000061 324.423401
v -32.386932 498.000061 348.423401
v -8.386932 558.000122 436.423370
v -8.386948 498.000061 412.423370
v -32.386932 498.000061 412.423401
v -32.386963 558.000122 436.423370
v -8.386932 558.000122 436.423370
v -32.386932 498.000061 412.423401
v -8.386948 498.000061 412.423370
v -32.386963 558.000122 436.423370
v -8.386948 498.000061 460.423370
v -32.386963 558.000122 436.423370
v -8.386932 558.000122 436.423370
v -32.386932 498.000061 460.423401
v -506.386902 473.999969 18.423395
v -506.386932 557.875000 18.423359
v -506.386932 557.000000 19.173389
v -506.386902 474.000031 70.423424
v -506.386902 482.000031 70.423424
v -506.386902 522.000061 70.423424
v -506.386932 491.375031 71.048393
v -506.386902 482.000031 70.423424
v -506.386932 557.000000 19.173389
v -506.386932 558.000000 18.423359
v -506.386902 522.000061 70.423424
v -506.386902 499.500031 72.923393
v -506.386902 506.375031 76.048424
v -506.386932 512.000061 80.423393
v -506.386932 516.375061 86.048393
v -506.386932 519.500061 92.923393
v -506.386932 521.375061 101.048393
v -506.386902 522.000061 110.423424
v -506.386902 522.000061 110.423424
v -506.386902 522.000061 150.423386
v -506.386902 558.000061 150.423386
v -506.386902 522.000061 150.423386
v -506.386902 521.375061 119.798393
v -506.386902 519.500061 127.923393
v -506.386902 516.375061 134.798386
v -506.386902 512.000061 140.423386
v -506.386902 506.375031 144.798386
v -506.386932 499.500031 147.923401
v -506.386902 491.375031 149.798386
v -506.386902 482.000031 150.423416
v -506.386932 498.000061 236.423401
v -506.386902 482.000031 150.423416
v -506.386932 490.000061 236.423401
v -506.386902 474.000031 150.423416
v -506.386932 474.000061 236.423401
v -506.386902 498.000061 300.423401
v -506.386963 558.000061 324.423401
v -506.386902 498.000061 348.423401
v -506.386902 490.000061 300.423401
v -506.386902 558.000122 436.423401
v -506.386963 498.000061 412.423431
v -506.386902 498.000061 460.423370
v -506.386902 490.000061 348.423401
v -506.386902 474.000061 300.423401
v -506.386902 474.000061 348.423401
v -506.386963 490.000061 412.423431
v -506.386902 490.000061 460.423370
v -506.386963 474.000061 412.423431
v -506.386902 498.000061 524.423279
v -506.386902 522.000122 610.423340
v -506.386902 482.000092 610.423340
v -506.386902 490.000061 524.423279
v -506.386902 474.000061 524.423279
v -506.386902 522.000122 610.423340
v -506.386902 491.375092 611.048340
v -506.386902 482.000092 610.423340
v -506.386902 499.500092 612.923340
v -506.386902 506.375092 616.048340
v -506.386902 512.000122 620.423340
v -506.386902 516.375122 626.048340
v -506.386902 519.500122 632.923340
v -506.386902 521.375122 641.048340
v -506.386902 522.000122 650.423340
v -506.386902 558.000122 742.423340
v -506.386902 522.000122 650.423340
v -506.386902 522.000122 690.423340
v -506.386902 558.000122 610.423340
v -506.386902 482.000092 690.423340
v -506.386902 474.000092 742.423340
v -506.386902 474.000061 460.423370
v -506.386902 474.000092 610.423340
v -506.386902 522.000122 690.423340
v -506.386902 521.375122 659.798340
v -506.386902 519.500122 667.923340
v -506.386902 516.375122 674.798340
v -506.386902 512.000122 680.423340
v -506.386902 506.375092 684.798340
v -506.386963 499.500092 687.923401
v -506.386902 491.375092 689.798340
v -506.386902 482.000092 690.423340
v -506.386902 474.000092 690.423340
v -482.386932 522.000061 70.423393
v -482.386932 558.000000 18.423389
v -506.386932 558.000000 18.423359
v -506.386902 522.000061 70.423424
v -482.386932 482.000031 70.423393
v -506.386902 557.000000 19.048420
v -482.386963 557.000000 19.048389
v -506.386902 482.000031 70.423424
v -482.386932 522.000061 110.423393
v -506.386932 558.000000 18.423359
v -482.386932 558.000000 18.423389
v -506.386902 522.000061 110.423424
v -8.386963 557.000183 741.798340
v -32.386917 482.000092 690.423340
v -8.386963 482.000092 690.423340
v -32.386932 557.000183 741.798401
v -8.386932 558.000183 742.423401
v -32.386917 522.000122 650.423340
v -8.386963 522.000122 650.423340
v -32.386963 558.000183 742.423401
v -8.386932 558.000183 742.423401
v -8.386963 522.000122 690.423340
v -32.386917 522.000122 690.423340
v -32.386963 558.000183 742.423401
v -32.386963 558.000183 742.423401
v -188.386978 648.000061 742.423340
v -8.386932 558.000183 742.423401
v -32.386963 558.000183 742.423401
v -8.386932 558.000183 742.423401
v -221.815506 533.982239 742.423340
v -8.386932 557.875183 742.423401
v -8.386932 474.000153 742.423401
v -482.386902 558.000122 742.423340
v -482.386902 558.000122 742.423340
v -506.386902 558.000122 742.423340
v -506.386902 474.000092 742.423340
v -326.386902 648.000061 742.423279
v -506.386902 558.000122 742.423340
v -482.386902 558.000122 742.423340
v -482.386902 522.000122 650.423279
v -506.386902 522.000122 650.423340
v -506.386902 558.000122 742.423340
v -0.386902 558.000061 18.423359
v -8.386932 566.000061 18.423389
v -8.386932 558.000061 18.423389
v -0.386902 566.000061 18.423359
v -8.386932 558.000061 18.423389
v -8.386932 566.000061 18.423389
v -184.386932 654.000000 18.423382
v -184.386932 658.000000 18.423382
v -184.386932 654.000000 18.423382
v -188.386948 648.000000 18.423351
v -192.386948 658.000000 18.423351
v -192.386948 658.000000 18.423351
v -326.386963 648.000000 18.423351
v -322.386963 658.000000 18.423351
v -330.386963 654.000000 18.423412
v -506.386932 566.000000 18.423359
v -506.386932 558.000000 18.423359
v -506.386932 558.000000 18.423359
v -506.386932 566.000000 18.423359
v -514.386963 566.000000 18.423389
v -514.386963 558.000000 18.423389
v -330.386963 658.000000 18.423412
v -330.386963 654.000000 18.423412
v -322.386963 658.000000 18.423351
v 35.613068 410.000031 62.423401
v 23.613068 402.000031 66.423401
v 31.613068 402.000031 66.423401
v -8.386932 410.000031 62.423401
v -8.386932 402.000031 66.423401
v 31.613068 358.000031 66.423401
v 31.613068 402.000031 66.423401
v 23.613068 402.000031 66.423401
v 23.613068 358.000031 66.423401
v 35.613068 410.000031 62.423401
v 31.613068 402.000031 66.423401
v 31.613068 402.000031 74.423401
v 31.613068 402.000031 146.423401
v 35.613068 410.000031 158.423401
v 31.613068 402.000031 154.423386
v 31.613068 358.000031 74.423401
v 31.613068 402.000031 74.423401
v 31.613068 402.000031 66.423401
v 31.613068 358.000031 66.423401
v 35.613068 358.000031 62.423405
v 31.613068 350.000031 66.423409
v 31.613068 350.000031 74.423409
v 31.613068 350.000031 146.423401
v 35.613068 358.000031 158.423401
v 31.613068 350.000031 154.423386
v 31.613068 346.000031 74.423409
v 31.613068 350.000031 66.423409
v 31.613068 346.000031 66.423409
v 31.613068 350.000031 74.423409
v 31.613068 346.000031 74.423409
v 31.613068 346.000031 66.423409
v 27.613068 342.000031 66.423409
v 27.613068 342.000031 74.423409
v 31.613068 346.000031 66.423409
v 31.613068 350.000031 66.423409
v 22.613068 342.000031 66.423409
v 27.613068 342.000031 66.423409
v -8.386932 350.000031 66.423409
v 2.613068 326.000031 66.423409
v 18.613068 334.000031 66.423409
v -8.386932 326.000031 66.423409
v 27.613068 342.000031 74.423409
v 27.613068 342.000031 66.423409
v 22.613068 342.000031 66.423409
v 22.613068 342.000031 74.423409
v 23.613098 358.000031 74.423370
v 23.613068 358.000031 66.423401
v 23.613068 402.000031 66.423401
v 23.613098 402.000031 74.423370
v 31.613068 358.000031 74.423401
v 23.613098 358.000031 74.423370
v 23.613098 402.000031 74.423370
v 31.613068 402.000031 74.423401
v 22.613068 342.000031 74.423409
v 22.613068 342.000031 66.423409
v 18.613068 334.000031 66.423409
v 18.613068 334.000031 74.423409
v 19.613098 402.000031 78.423370
v 35.613068 410.000031 62.423401
v 31.613068 402.000031 66.423401
v 19.613098 410.000031 78.423370
v 19.613098 402.000031 78.423370
v 35.613068 410.000031 62.423401
v 19.613098 410.000031 78.423370
v 31.613068 402.000031 66.423401
v 31.613068 402.000031 74.423401
v 31.613068 402.000031 66.423401
v 19.613098 402.000031 78.423370
v 31.613068 402.000031 66.423401
v -8.386917 402.000031 78.423370
v 19.613098 402.000031 78.423370
v 23.613068 402.000031 66.423401
v 19.613068 402.000031 142.423401
v 31.613068 402.000031 146.423401
v 31.613068 402.000031 154.423386
v 19.613068 402.000031 142.423401
v 23.613068 402.000031 154.423370
v 31.613068 402.000031 154.423386
v -8.386917 402.000031 142.423386
v -8.386902 402.000031 154.423370
v -8.386932 402.000031 66.423401
v 18.613068 334.000031 74.423409
v 18.613068 334.000031 66.423409
v 2.613068 326.000031 66.423409
v 2.613098 326.000031 74.423378
v 19.613098 410.000031 78.423370
v -8.386932 410.000031 62.423401
v 35.613068 410.000031 62.423401
v -8.386917 410.000031 78.423370
v 35.613068 410.000031 158.423401
v 19.613098 410.000031 78.423370
v 35.613068 410.000031 62.423401
v 35.613068 410.000031 158.423401
v -8.386917 410.000031 142.423386
v 19.613068 410.000031 142.423401
v 19.613068 410.000031 142.423401
v -8.386902 410.000031 158.423370
v 31.613068 350.000031 66.423409
v 35.613068 358.000031 62.423405
v -8.386932 358.000031 62.423405
v -8.386932 350.000031 66.423409
v 2.613098 326.000031 74.423378
v 2.613068 326.000031 66.423409
v -8.386932 326.000031 66.423409
v -8.386902 326.000031 74.423378
v 31.613068 350.000031 66.423409
v -8.386932 350.000031 66.423409
v -8.386932 350.000031 70.423409
v -8.386917 350.000031 78.423378
v 31.613068 350.000031 74.423409
v -8.386917 350.000031 142.423386
v 31.613068 350.000031 146.423401
v -8.386932 350.000031 150.423401
v 31.613068 350.000031 154.423386
v -8.386902 350.000031 154.423370
v 18.613068 334.000031 74.423409
v 2.613098 326.000031 74.423378
v -8.386902 326.000031 74.423378
v 22.613068 342.000031 74.423409
v 27.613068 342.000031 74.423409
v -8.386902 350.000031 74.423378
v 31.613068 346.000031 74.423409
v 31.613068 350.000031 74.423409
v -8.386917 410.000031 78.423370
v -8.386932 482.000031 70.423393
v -8.386932 474.000031 70.423393
v -8.386917 482.000031 78.423363
v -8.386917 402.000031 78.423370
v -8.386917 482.000031 78.423363
v -8.386948 489.500031 78.923393
v -8.386932 482.000031 70.423393
v -8.386917 491.375031 71.048363
v -8.386932 496.000031 80.423393
v -8.386932 499.500031 72.923393
v -8.386932 418.000031 70.423401
v -8.386917 350.000031 78.423378
v -8.386932 350.000031 70.423409
v -8.386932 501.500031 82.923393
v -8.386902 506.000031 86.423363
v -8.386932 512.000061 80.423393
v -8.386902 506.375031 76.048363
v -8.386932 509.500031 90.923393
v -8.386902 516.375061 86.048363
v -8.386902 519.500061 92.923363
v -8.386932 512.000061 96.423393
v -8.386932 513.500061 102.923393
v -8.386902 521.375061 101.048363
v -8.386932 522.000061 110.423393
v -8.386932 514.000061 110.423393
v -8.386932 514.000061 110.423393
v -8.386932 513.500061 117.923363
v -8.386932 522.000061 110.423393
v -8.386917 521.375061 119.798363
v -8.386932 519.500061 127.923363
v -8.386917 512.000061 124.423363
v -8.386917 509.500031 129.923370
v -8.386932 516.375061 134.798355
v -8.386917 512.000061 140.423370
v -8.386917 506.000031 134.423370
v -8.386948 501.500031 137.923386
v -8.386932 506.375031 144.798355
v -8.386902 499.500031 147.923370
v -8.386917 496.000031 140.423386
v -8.386932 489.500031 141.923401
v -8.386917 491.375031 149.798386
v -8.386932 482.000031 150.423401
v -8.386917 482.000031 142.423386
v -8.386932 474.000031 150.423401
v -8.386932 482.000031 150.423401
v -8.386917 482.000031 142.423386
v -8.386917 410.000031 142.423386
v -8.386932 418.000031 150.423401
v -8.386917 402.000031 142.423386
v -8.386932 350.000031 150.423401
v -8.386917 350.000031 142.423386
v 19.613098 402.000031 78.423370
v -8.386917 410.000031 78.423370
v 19.613098 410.000031 78.423370
v -8.386917 402.000031 78.423370
v -16.386902 358.000031 78.423370
v -8.386917 410.000031 78.423370
v -8.386917 402.000031 78.423370
v -16.386902 350.000031 78.423378
v -8.386917 350.000031 78.423378
v -16.386902 482.000031 78.423363
v -8.386917 482.000031 78.423363
v -8.386917 482.000031 78.423363
v -16.386902 482.000031 78.423363
v -8.386948 489.500031 78.923393
v -16.386932 489.500031 78.923393
v -16.386902 496.000031 80.423363
v -8.386932 496.000031 80.423393
v -8.386932 501.500031 82.923393
v -16.386932 501.500031 82.923393
v -8.386917 358.000031 78.423370
v -8.386932 358.000031 62.423405
v 35.613068 358.000031 62.423405
v 35.613068 358.000031 158.423401
v -8.386917 358.000031 142.423386
v -8.386902 358.000031 158.423370
v -16.386902 358.000031 78.423370
v -16.386932 358.000031 142.423401
v -8.386932 501.500031 82.923393
v -16.386932 501.500031 82.923393
v -16.386948 506.000031 86.423393
v -8.386902 506.000031 86.423363
v -8.386902 506.000031 86.423363
v -16.386948 506.000031 86.423393
v -8.386932 509.500031 90.923393
v -16.386902 509.500031 90.923363
v -16.386932 512.000061 96.423393
v -8.386932 512.000061 96.423393
v -8.386932 513.500061 102.923393
v -16.386932 513.500061 102.923393
v -16.386932 514.000061 110.423393
v -8.386932 514.000061 110.423393
v -16.386932 514.000061 110.423393
v -16.386917 513.500061 117.923363
v -8.386932 514.000061 110.423393
v -8.386932 513.500061 117.923363
v -8.386917 512.000061 124.423363
v -16.386917 512.000061 124.423363
v -16.386932 509.500031 129.923386
v -8.386917 509.500031 129.923370
v -8.386917 506.000031 134.423370
v -16.386917 506.000031 134.423370
v -16.386917 506.000031 134.423370
v -16.386932 501.500031 137.923401
v -8.386917 506.000031 134.423370
v -8.386948 501.500031 137.923386
v 31.613068 358.000031 146.423401
v 23.613068 402.000031 146.423401
v 23.613068 358.000031 146.423401
v 31.613068 402.000031 146.423401
v 31.613068 358.000031 154.423386
v 31.613068 402.000031 154.423386
v 31.613068 402.000031 146.423401
v 31.613068 358.000031 146.423401
v 31.613068 346.000031 154.423386
v 31.613068 350.000031 146.423401
v 31.613068 346.000031 146.423401
v 31.613068 350.000031 154.423386
v 31.613068 346.000031 154.423386
v 31.613068 346.000031 146.423401
v 27.613068 342.000031 146.423401
v 27.613068 342.000031 154.423386
v 35.613068 410.000031 158.423401
v 19.613068 402.000031 142.423401
v 19.613068 410.000031 142.423401
v 31.613068 402.000031 154.423386
v 31.613068 346.000031 146.423401
v 22.613068 342.000031 146.423401
v 27.613068 342.000031 146.423401
v 31.613068 350.000031 146.423401
v -8.386932 350.000031 146.423370
v 2.613068 326.000031 146.423416
v 18.613098 334.000031 146.423401
v -8.386917 326.000031 146.423386
v 27.613068 342.000031 154.423386
v 27.613068 342.000031 146.423401
v 22.613068 342.000031 146.423401
v 22.613068 342.000031 154.423370
v 23.613068 358.000031 154.423370
v 23.613068 402.000031 146.423401
v 23.613068 402.000031 154.423370
v 23.613068 358.000031 146.423401
v 31.613068 358.000031 154.423386
v 23.613068 358.000031 154.423370
v 23.613068 402.000031 154.423370
v 31.613068 402.000031 154.423386
v 22.613068 342.000031 154.423370
v 22.613068 342.000031 146.423401
v 18.613098 334.000031 146.423401
v 18.613068 334.000031 154.423401
v 18.613068 334.000031 154.423401
v 18.613098 334.000031 146.423401
v 2.613068 326.000031 146.423416
v 2.613098 326.000031 154.423401
v 19.613068 402.000031 142.423401
v -8.386917 410.000031 142.423386
v -8.386917 402.000031 142.423386
v 19.613068 410.000031 142.423401
v -8.386917 402.000031 142.423386
v -8.386917 410.000031 142.423386
v -16.386932 482.000031 142.423401
v -16.386932 358.000031 142.423401
v -8.386917 350.000031 142.423386
v -16.386932 350.000031 142.423401
v -8.386917 482.000031 142.423386
v -16.386932 482.000031 142.423401
v -8.386917 482.000031 142.423386
v -16.386932 489.500031 141.923401
v -8.386932 489.500031 141.923401
v -8.386917 496.000031 140.423386
v -16.386932 496.000031 140.423401
v -16.386932 501.500031 137.923401
v -8.386948 501.500031 137.923386
v 2.613098 326.000031 154.423401
v 2.613068 326.000031 146.423416
v -8.386917 326.000031 146.423386
v -8.386887 326.000031 154.423386
v 18.613068 334.000031 154.423401
v 2.613098 326.000031 154.423401
v -8.386887 326.000031 154.423386
v 22.613068 342.000031 154.423370
v 27.613068 342.000031 154.423386
v -8.386902 350.000031 154.423370
v 31.613068 346.000031 154.423386
v 31.613068 350.000031 154.423386
v 35.613068 358.000031 158.423401
v 31.613068 350.000031 154.423386
v -8.386902 350.000031 154.423370
v -8.386902 358.000031 158.423370
v 23.613068 402.000031 154.423370
v -8.386902 402.000031 154.423370
v -8.386902 410.000031 158.423370
v 31.613068 402.000031 154.423386
v 35.613068 410.000031 158.423401
v -8.386932 490.000061 244.423401
v -8.386932 490.000061 236.423401
v -16.386932 490.000061 236.423401
v -16.386932 490.000061 244.423370
v -8.386932 490.000061 292.423401
v -16.386963 490.000061 292.423401
v -8.386963 490.000061 300.423401
v -16.386932 490.000061 300.423401
v -8.386932 498.000061 236.423401
v -8.386932 490.000061 236.423401
v -8.386932 490.000061 244.423401
v -8.386932 490.000061 292.423401
v -8.386963 498.000061 300.423401
v -8.386963 490.000061 300.423401
v -8.386932 418.000061 244.423401
v -16.386932 490.000061 244.423370
v -8.386932 490.000061 244.423401
v -16.386932 418.000061 244.423370
v -8.386932 418.000061 292.423401
v -16.386963 490.000061 292.423401
v -16.386963 418.000061 292.423401
v -8.386932 490.000061 292.423401
v -326.386963 648.000000 26.423382
v -330.386963 654.000000 18.423412
v -326.386963 648.000000 18.423351
v -330.386963 654.000000 26.423382
v -8.386948 498.000061 348.423431
v -8.386948 490.000061 348.423431
v -8.386932 490.000061 356.423401
v -8.386932 490.000061 404.423401
v -8.386948 498.000061 412.423370
v -8.386948 490.000061 412.423370
v -8.386932 490.000061 356.423401
v -8.386948 490.000061 348.423431
v -16.386932 490.000061 348.423401
v -16.386932 490.000061 356.423401
v -8.386932 490.000061 404.423401
v -16.386932 490.000061 404.423401
v -8.386948 490.000061 412.423370
v -16.386932 490.000061 412.423401
v -8.386932 418.000061 356.423401
v -16.386932 490.000061 356.423401
v -8.386932 490.000061 356.423401
v -16.386932 418.000061 356.423401
v -8.386932 418.000061 404.423401
v -8.386932 490.000061 404.423401
v -16.386932 490.000061 404.423401
v -16.386932 418.000061 404.423401
v -8.386932 558.000061 150.423386
v -8.386932 558.000061 324.423401
v -6.609177 558.000122 422.423401
v -8.386932 558.000061 18.423389
v -0.386902 558.000061 18.423359
v -8.386932 558.000122 436.423370
v -8.386948 558.000122 610.423340
v -8.386932 558.000183 742.423401
v -0.386932 558.000183 750.423401
v -8.386932 558.000183 750.423401
v -8.386948 498.000061 460.423370
v -8.386948 490.000061 460.423370
v -8.386932 490.000061 468.423401
v -8.386932 490.000061 516.423340
v -8.386932 498.000061 524.423340
v -8.386932 490.000061 524.423340
v -8.386932 490.000061 468.423401
v -8.386948 490.000061 460.423370
v -16.386932 490.000061 460.423401
v -16.386932 490.000061 468.423370
v -8.386932 490.000061 516.423340
v -16.386932 490.000061 516.423401
v -8.386932 490.000061 524.423340
v -16.386948 490.000061 524.423340
v -8.386932 418.000092 468.423401
v -16.386932 418.000092 468.423370
v -16.386932 490.000061 468.423370
v -8.386932 490.000061 468.423401
v -8.386932 418.000092 516.423340
v -16.386932 490.000061 516.423401
v -16.386917 418.000092 516.423401
v -8.386932 490.000061 516.423340
v 35.613037 410.000092 602.423340
v 23.613068 402.000122 606.423462
v 31.613037 402.000122 606.423401
v -8.386917 410.000092 602.423401
v -8.386917 402.000122 606.423462
v 31.613037 358.000122 606.423401
v 31.613037 402.000122 606.423401
v 23.613068 402.000122 606.423462
v 23.613068 358.000122 606.423462
v 35.613037 410.000092 602.423340
v 31.613037 402.000122 606.423401
v 31.613068 402.000122 614.423462
v 31.613037 402.000122 686.423401
v 35.613068 410.000122 698.423401
v 31.613068 402.000122 694.423462
v 31.613068 358.000122 614.423462
v 31.613037 402.000122 606.423401
v 31.613037 358.000122 606.423401
v 31.613068 402.000122 614.423462
v 35.613068 358.000092 602.423401
v 31.613037 350.000122 606.423401
v 31.613068 350.000122 614.423462
v 31.613037 350.000122 686.423401
v 35.613068 358.000122 698.423462
v 31.613068 350.000122 694.423462
v 31.613068 346.000122 614.423462
v 31.613037 350.000122 606.423401
v 31.613037 346.000122 606.423401
v 31.613068 350.000122 614.423462
v 31.613068 346.000122 614.423462
v 31.613037 346.000122 606.423401
v 27.613068 342.000122 606.423462
v 27.613037 342.000122 614.423401
v -506.386902 326.000000 74.423439
v -506.386902 326.000000 66.423409
v -517.386841 326.000000 66.423439
v -517.386902 326.000000 74.423409
v 31.613037 346.000122 606.423401
v 22.613068 342.000122 606.423401
v 27.613068 342.000122 606.423462
v 31.613037 350.000122 606.423401
v -8.386917 350.000122 606.423462
v 2.613068 326.000122 606.423462
v 18.613068 334.000122 606.423401
v -8.386917 326.000122 606.423462
v -506.386902 474.000031 70.423424
v -506.386902 482.000031 70.423424
v -506.386932 482.000031 78.423393
v -506.386932 410.000000 78.423401
v -506.386902 489.500031 78.923424
v -506.386932 482.000031 78.423393
v -506.386902 482.000031 70.423424
v -506.386932 491.375031 71.048393
v -506.386932 496.000031 80.423393
v -506.386902 499.500031 72.923393
v -506.386902 418.000000 70.423431
v -506.386932 402.000000 78.423401
v -506.386902 350.000000 70.423439
v -506.386902 350.000000 78.423409
v -506.386902 501.500031 82.923424
v -506.386932 506.000031 86.423393
v -506.386932 512.000061 80.423393
v -506.386902 506.375031 76.048424
v -506.386932 509.500031 90.923393
v -506.386932 516.375061 86.048393
v -506.386932 519.500061 92.923393
v -506.386902 512.000061 96.423363
v -506.386902 513.500061 102.923363
v -506.386902 514.000061 110.423424
v -506.386902 522.000061 110.423424
v -506.386932 521.375061 101.048393
v -506.386932 513.500061 117.923393
v -506.386902 514.000061 110.423424
v -506.386902 522.000061 110.423424
v -506.386902 521.375061 119.798393
v -506.386902 519.500061 127.923393
v -506.386932 512.000061 124.423393
v -506.386902 509.500031 129.923386
v -506.386902 516.375061 134.798386
v -506.386902 512.000061 140.423386
v -506.386902 506.000031 134.423370
v -506.386902 501.500031 137.923401
v -506.386902 506.375031 144.798386
v -506.386932 499.500031 147.923401
v -506.386902 496.000031 140.423401
v -506.386902 489.500031 141.923416
v -506.386902 491.375031 149.798386
v -506.386902 482.000031 150.423416
v -506.386902 410.000000 142.423416
v -506.386902 482.000031 150.423416
v -506.386902 474.000031 150.423416
v -506.386902 482.000031 142.423401
v -506.386902 482.000031 142.423401
v -506.386902 402.000000 142.423416
v -506.386902 350.000000 142.423416
v -506.386902 418.000000 150.423416
v -506.386902 350.000000 150.423416
v -506.386932 410.000000 78.423401
v -506.386932 482.000031 78.423393
v -498.386932 482.000031 78.423393
v -506.386932 402.000000 78.423401
v -498.386902 358.000000 78.423401
v -506.386902 350.000000 78.423409
v -498.386932 482.000031 78.423393
v -506.386932 482.000031 78.423393
v -498.386902 489.500031 78.923424
v -506.386902 489.500031 78.923424
v -506.386932 496.000031 80.423393
v -498.386932 496.000031 80.423393
v -498.386932 501.500031 82.923393
v -506.386902 501.500031 82.923424
v -506.386932 402.000000 78.423401
v -534.386963 410.000000 78.423401
v -506.386932 410.000000 78.423401
v -534.386963 402.000000 78.423401
v -498.386902 350.000000 78.423409
v 27.613037 342.000122 614.423401
v 27.613068 342.000122 606.423462
v 22.613068 342.000122 606.423401
v 22.613098 342.000122 614.423462
v 23.613037 358.000122 614.423401
v 23.613068 402.000122 606.423462
v 23.613037 402.000122 614.423401
v 23.613068 358.000122 606.423462
v 31.613068 358.000122 614.423462
v 23.613037 402.000122 614.423401
v 31.613068 402.000122 614.423462
v 23.613037 358.000122 614.423401
v 22.613098 342.000122 614.423462
v 22.613068 342.000122 606.423401
v 18.613068 334.000122 606.423401
v 18.613068 334.000122 614.423401
v -498.386932 501.500031 82.923393
v -506.386902 501.500031 82.923424
v -506.386932 506.000031 86.423393
v -498.386932 506.000031 86.423393
v -498.386932 506.000031 86.423393
v -506.386932 506.000031 86.423393
v -498.386932 509.500031 90.923393
v -506.386932 509.500031 90.923393
v -506.386902 512.000061 96.423363
v -498.386932 512.000061 96.423393
v -498.386932 513.500061 102.923393
v -506.386902 513.500061 102.923363
v -506.386902 514.000061 110.423424
v -498.386932 514.000061 110.423393
v -506.386902 514.000061 110.423424
v -506.386932 513.500061 117.923393
v -498.386932 514.000061 110.423393
v -498.386902 513.500061 117.923393
v -498.386932 512.000061 124.423393
v -506.386932 512.000061 124.423393
v -506.386902 509.500031 129.923386
v -498.386902 509.500031 129.923386
v -498.386902 506.000031 134.423401
v -506.386902 506.000031 134.423370
v -506.386902 506.000031 134.423370
v -506.386902 501.500031 137.923401
v -498.386902 506.000031 134.423401
v -498.386902 501.500031 137.923401
v 19.613068 402.000122 618.423401
v 35.613037 410.000092 602.423340
v 19.613068 410.000122 618.423340
v 31.613037 402.000122 606.423401
v 19.613068 402.000122 618.423401
v 35.613037 410.000092 602.423340
v 31.613037 402.000122 606.423401
v 19.613068 410.000122 618.423340
v 31.613068 402.000122 614.423462
v 31.613037 402.000122 606.423401
v 19.613068 402.000122 618.423401
v 31.613037 402.000122 606.423401
v -8.386948 402.000122 618.423401
v 19.613068 402.000122 618.423401
v 19.613068 402.000122 682.423462
v 31.613037 402.000122 686.423401
v 31.613068 402.000122 694.423462
v 19.613068 402.000122 682.423462
v 23.613037 402.000122 694.423401
v 31.613068 402.000122 694.423462
v -8.386917 402.000122 682.423462
v -8.386932 402.000122 694.423462
v 23.613068 402.000122 606.423462
v -8.386917 402.000122 606.423462
v -517.386902 326.000000 74.423409
v -517.386841 326.000000 66.423439
v -533.386963 334.000000 66.423409
v -533.386963 334.000000 74.423409
v -506.386902 326.000000 66.423409
v -506.386902 350.000000 66.423409
v -533.386963 334.000000 66.423409
v -517.386841 326.000000 66.423439
v -537.386963 342.000000 66.423409
v -542.386841 342.000000 66.423439
v -546.386963 350.000000 66.423409
v -546.386902 346.000000 66.423409
v 18.613068 334.000122 614.423401
v 18.613068 334.000122 606.423401
v 2.613068 326.000122 606.423462
v 2.613068 326.000122 614.423462
v -506.386902 410.000000 62.423401
v -538.386902 402.000000 66.423431
v -506.386902 402.000000 66.423401
v -550.386963 410.000000 62.423401
v -546.386963 402.000000 66.423401
v -533.386963 334.000000 74.423409
v -533.386963 334.000000 66.423409
v -537.386963 342.000000 66.423409
v -537.386963 342.000000 74.423409
v 19.613068 410.000122 618.423340
v -8.386917 410.000092 602.423401
v 35.613037 410.000092 602.423340
v -8.386948 410.000122 618.423340
v 35.613068 410.000122 698.423401
v 19.613068 410.000122 618.423340
v 35.613037 410.000092 602.423340
v 19.613068 410.000122 682.423401
v 35.613068 410.000122 698.423401
v -8.386917 410.000122 682.423401
v 19.613068 410.000122 682.423401
v -8.386902 410.000122 698.423340
v 31.613037 350.000122 606.423401
v 35.613068 358.000092 602.423401
v -8.386917 358.000092 602.423462
v -8.386917 350.000122 606.423462
v -537.386963 342.000000 74.423409
v -537.386963 342.000000 66.423409
v -542.386841 342.000000 66.423439
v -542.386902 342.000000 74.423439
v -517.386902 326.000000 74.423409
v -533.386963 334.000000 74.423409
v -537.386963 342.000000 74.423409
v -506.386902 326.000000 74.423439
v -506.386902 350.000000 74.423439
v -546.386902 346.000000 74.423439
v -542.386902 342.000000 74.423439
v -546.386902 350.000000 74.423439
v -538.386841 358.000000 66.423431
v -538.386902 402.000000 66.423431
v -546.386963 402.000000 66.423401
v -546.386963 358.000000 66.423401
v -538.386963 358.000000 74.423401
v -538.386902 402.000000 66.423431
v -538.386841 358.000000 66.423431
v -538.386963 402.000000 74.423401
v -534.386963 402.000000 78.423401
v -534.386963 410.000000 78.423401
v -550.386963 410.000000 62.423401
v -546.386963 402.000000 66.423401
v -538.386902 402.000000 66.423431
v -546.386963 402.000000 66.423401
v -534.386963 402.000000 78.423401
v -506.386902 402.000000 66.423401
v -506.386932 402.000000 78.423401
v -534.386963 402.000000 78.423401
v -546.386963 402.000000 66.423401
v -546.386902 402.000000 74.423431
v -546.386963 402.000000 146.423401
v -534.386902 402.000000 142.423431
v -546.386902 402.000000 154.423431
v -534.386902 402.000000 142.423431
v -546.386902 402.000000 154.423431
v -538.386963 402.000000 154.423401
v -506.386902 402.000000 142.423416
v -506.386902 402.000000 154.423416
v -506.386902 350.000000 66.423409
v -550.386963 358.000000 62.423405
v -546.386963 350.000000 66.423409
v -506.386902 358.000000 62.423405
v -506.386902 350.000000 70.423439
v -506.386902 350.000000 66.423409
v -546.386963 350.000000 66.423409
v -546.386902 350.000000 74.423439
v -506.386902 350.000000 78.423409
v -546.386902 350.000000 146.423401
v -506.386902 350.000000 142.423416
v -546.386902 350.000000 154.423431
v -506.386902 350.000000 150.423416
v -506.386902 350.000000 154.423416
v -506.386932 410.000000 78.423401
v -550.386963 410.000000 62.423401
v -506.386902 410.000000 62.423401
v -534.386963 410.000000 78.423401
v -550.386902 410.000000 158.423431
v -550.386963 410.000000 62.423401
v -534.386963 410.000000 78.423401
v -506.386932 410.000000 158.423401
v -550.386902 410.000000 158.423431
v -534.386902 410.000000 142.423431
v -506.386902 410.000000 142.423416
v -534.386902 410.000000 142.423431
v -550.386963 358.000000 62.423405
v -506.386902 358.000000 62.423405
v -506.386932 358.000000 78.423401
v -506.386902 358.000000 142.423416
v -498.386902 358.000000 142.423401
v -550.386902 358.000000 158.423431
v -506.386902 358.000000 158.423401
v -498.386902 358.000000 78.423401
v 2.613068 326.000122 614.423462
v 2.613068 326.000122 606.423462
v -8.386917 326.000122 606.423462
v -8.386932 326.000122 614.423401
v -542.386902 342.000000 74.423439
v -542.386841 342.000000 66.423439
v -546.386902 346.000000 66.423409
v -546.386902 346.000000 74.423439
v 31.613037 350.000122 606.423401
v -8.386917 350.000122 606.423462
v -8.386932 350.000122 610.423401
v -8.386932 350.000122 618.423401
v 31.613068 350.000122 614.423462
v -8.386917 350.000122 682.423462
v 31.613037 350.000122 686.423401
v -8.386948 350.000122 690.423401
v 31.613068 350.000122 694.423462
v -8.386917 350.000122 694.423462
v -546.386902 402.000000 74.423431
v -546.386963 402.000000 66.423401
v -550.386963 410.000000 62.423401
v -550.386902 410.000000 158.423431
v -546.386963 402.000000 146.423401
v -546.386902 402.000000 154.423431
v -546.386902 358.000000 74.423431
v -546.386963 402.000000 66.423401
v -546.386902 402.000000 74.423431
v -546.386963 358.000000 66.423401
v -546.386902 350.000000 74.423439
v -546.386963 350.000000 66.423409
v -550.386963 358.000000 62.423405
v -550.386902 358.000000 158.423431
v -546.386902 350.000000 146.423401
v -546.386902 350.000000 154.423431
v -546.386902 346.000000 74.423439
v -546.386902 346.000000 66.423409
v -546.386963 350.000000 66.423409
v -546.386902 350.000000 74.423439
v -538.386963 358.000000 74.423401
v -546.386902 358.000000 74.423431
v -546.386902 402.000000 74.423431
v -538.386963 402.000000 74.423401
v 18.613068 334.000122 614.423401
v 2.613068 326.000122 614.423462
v -8.386932 326.000122 614.423401
v 22.613098 342.000122 614.423462
v -8.386932 350.000122 614.423401
v 27.613037 342.000122 614.423401
v 31.613068 346.000122 614.423462
v 31.613068 350.000122 614.423462
v -8.386948 410.000122 618.423340
v -8.386948 482.000092 610.423340
v -8.386948 474.000092 610.423340
v -8.386948 482.000092 618.423340
v -8.386948 402.000122 618.423401
v -8.386932 418.000122 610.423340
v -8.386932 350.000122 618.423401
v -8.386948 482.000092 618.423340
v -8.386948 489.500092 618.923340
v -8.386948 482.000092 610.423340
v -8.386932 491.375092 611.048401
v -8.386948 496.000092 620.423340
v -8.386917 499.500092 612.923340
v -8.386932 350.000122 610.423401
v -8.386948 501.500092 622.923340
v -8.386932 506.000092 626.423401
v -8.386948 512.000122 620.423340
v -8.386948 506.375092 616.048340
v -8.386948 509.500092 630.923340
v -8.386948 516.375122 626.048340
v -8.386948 519.500122 632.923340
v -8.386917 512.000122 636.423340
v -8.386917 513.500122 642.923340
v -8.386963 514.000122 650.423340
v -8.386963 522.000122 650.423340
v -8.386948 521.375122 641.048340
v -8.386963 514.000122 650.423340
v -8.386932 513.500122 657.923401
v -8.386963 522.000122 650.423340
v -8.386932 521.375122 659.798401
v -8.386917 519.500122 667.923401
v -8.386932 512.000122 664.423401
v -8.386917 509.500092 669.923401
v -8.386917 516.375122 674.798401
v -8.386917 512.000122 680.423401
v -8.386917 506.000092 674.423340
v -8.386963 501.500092 677.923340
v -8.386963 506.375092 684.798340
v -8.386932 499.500092 687.923401
v -8.386917 496.000092 680.423401
v -8.386963 489.500092 681.923340
v -8.386917 491.375092 689.798340
v -8.386963 482.000092 690.423340
v -8.386917 482.000092 682.423401
v -8.386963 474.000092 690.423340
v -8.386963 482.000092 690.423340
v -8.386917 482.000092 682.423401
v -8.386917 410.000122 682.423401
v -8.386948 418.000122 690.423340
v -8.386917 402.000122 682.423462
v -8.386948 350.000122 690.423401
v -8.386917 350.000122 682.423462
v 19.613068 402.000122 618.423401
v -8.386948 410.000122 618.423340
v 19.613068 410.000122 618.423340
v -8.386948 402.000122 618.423401
v -16.386948 358.000122 618.423462
v -8.386948 410.000122 618.423340
v -8.386948 402.000122 618.423401
v -16.386948 482.000092 618.423340
v -16.386948 350.000122 618.423462
v -8.386932 350.000122 618.423401
v -8.386948 482.000092 618.423340
v -16.386948 482.000092 618.423340
v -8.386948 489.500092 618.923340
v -8.386948 482.000092 618.423340
v -16.386932 489.500092 618.923401
v -16.386948 496.000092 620.423340
v -8.386948 496.000092 620.423340
v -8.386948 501.500092 622.923340
v -16.386948 501.500092 622.923340
v -8.386932 358.000122 618.423401
v -8.386917 358.000092 602.423462
v 35.613068 358.000092 602.423401
v 35.613068 358.000122 698.423462
v -8.386917 358.000122 682.423462
v -8.386902 358.000122 698.423401
v -8.386917 358.000122 682.423462
v -16.386948 358.000122 618.423462
v -16.386917 358.000122 682.423462
v -8.386948 501.500092 622.923340
v -16.386948 501.500092 622.923340
v -16.386932 506.000092 626.423340
v -8.386932 506.000092 626.423401
v -8.386932 506.000092 626.423401
v -16.386932 506.000092 626.423340
v -8.386948 509.500092 630.923340
v -16.386948 509.500092 630.923340
v -16.386932 512.000122 636.423340
v -8.386917 512.000122 636.423340
v -8.386917 513.500122 642.923340
v -16.386932 513.500122 642.923340
v -16.386932 514.000122 650.423401
v -8.386963 514.000122 650.423340
v -16.386932 514.000122 650.423401
v -16.386917 513.500122 657.923340
v -8.386963 514.000122 650.423340
v -8.386932 513.500122 657.923401
v -8.386932 512.000122 664.423401
v -16.386917 512.000122 664.423340
v -16.386932 509.500092 669.923401
v -8.386917 509.500092 669.923401
v -8.386917 506.000092 674.423340
v -16.386932 506.000092 674.423401
v -16.386932 506.000092 674.423401
v -16.386932 501.500092 677.923401
v -8.386917 506.000092 674.423340
v -8.386963 501.500092 677.923340
v -498.386902 496.000031 140.423401
v -498.386902 501.500031 137.923401
v -506.386902 501.500031 137.923401
v -506.386902 496.000031 140.423401
v -506.386902 489.500031 141.923416
v -498.386902 489.500031 141.923386
v -498.386902 482.000031 142.423401
v -506.386902 482.000031 142.423401
v -498.386902 482.000031 142.423401
v -506.386902 482.000031 142.423401
v -506.386902 410.000000 142.423416
v -498.386902 358.000000 142.423401
v -498.386902 350.000000 142.423401
v -506.386902 402.000000 142.423416
v -506.386902 350.000000 142.423416
v -506.386902 402.000000 142.423416
v -506.386902 410.000000 142.423416
v -534.386902 410.000000 142.423431
v -534.386902 402.000000 142.423431
v 31.613037 358.000122 686.423401
v 23.613068 402.000122 686.423462
v 23.613068 358.000122 686.423462
v 31.613037 402.000122 686.423401
v 31.613068 358.000122 694.423462
v 31.613037 402.000122 686.423401
v 31.613037 358.000122 686.423401
v 31.613068 402.000122 694.423462
v 31.613068 346.000122 694.423462
v 31.613037 350.000122 686.423401
v 31.613037 346.000122 686.423401
v 31.613068 350.000122 694.423462
v 31.613068 346.000122 694.423462
v 31.613037 346.000122 686.423401
v 27.613037 342.000122 686.423401
v 27.613037 342.000122 694.423401
v 35.613068 410.000122 698.423401
v 31.613068 402.000122 694.423462
v 19.613068 402.000122 682.423462
v 19.613068 410.000122 682.423401
v -506.386902 326.000000 154.423416
v -506.386902 326.000000 146.423416
v -517.386902 326.000000 146.423416
v -517.386902 326.000000 154.423401
v 31.613037 346.000122 686.423401
v 31.613037 350.000122 686.423401
v 22.613098 342.000122 686.423462
v 27.613037 342.000122 686.423401
v -8.386948 350.000122 686.423401
v 2.613068 326.000122 686.423462
v 18.613098 334.000122 686.423462
v -8.386948 326.000122 686.423401
v 27.613037 342.000122 694.423401
v 27.613037 342.000122 686.423401
v 22.613098 342.000122 686.423462
v 22.613098 342.000122 694.423462
v 23.613037 358.000122 694.423401
v 23.613068 402.000122 686.423462
v 23.613037 402.000122 694.423401
v 23.613068 358.000122 686.423462
v 31.613068 358.000122 694.423462
v 23.613037 402.000122 694.423401
v 31.613068 402.000122 694.423462
v 23.613037 358.000122 694.423401
v 22.613098 342.000122 694.423462
v 22.613098 342.000122 686.423462
v 18.613098 334.000122 686.423462
v 18.613098 334.000122 694.423462
v -517.386902 326.000000 154.423401
v -517.386902 326.000000 146.423416
v -533.386902 334.000000 146.423416
v -533.386902 334.000000 154.423431
v -506.386902 326.000000 146.423416
v -533.386902 334.000000 146.423416
v -517.386902 326.000000 146.423416
v -506.386902 350.000000 146.423416
v -537.386963 342.000000 146.423401
v -542.386841 342.000000 146.423431
v -546.386902 350.000000 146.423401
v -546.386902 346.000000 146.423401
v 18.613098 334.000122 694.423462
v 18.613098 334.000122 686.423462
v 2.613068 326.000122 686.423462
v 2.613037 326.000122 694.423401
v -533.386902 334.000000 154.423431
v -533.386902 334.000000 146.423416
v -537.386963 342.000000 146.423401
v -537.386902 342.000000 154.423431
v 19.613068 402.000122 682.423462
v -8.386917 410.000122 682.423401
v -8.386917 402.000122 682.423462
v 19.613068 410.000122 682.423401
v -8.386917 402.000122 682.423462
v -8.386917 410.000122 682.423401
v -16.386932 482.000092 682.423401
v -16.386917 358.000122 682.423462
v -8.386917 350.000122 682.423462
v -16.386917 350.000122 682.423462
v -8.386917 482.000092 682.423401
v -16.386932 482.000092 682.423401
v -8.386917 482.000092 682.423401
v -16.386963 489.500092 681.923340
v -8.386963 489.500092 681.923340
v -8.386917 496.000092 680.423401
v -16.386932 496.000092 680.423401
v -16.386932 501.500092 677.923401
v -8.386963 501.500092 677.923340
v -537.386902 342.000000 154.423431
v -537.386963 342.000000 146.423401
v -542.386841 342.000000 146.423431
v -542.386963 342.000000 154.423401
v -517.386902 326.000000 154.423401
v -533.386902 334.000000 154.423431
v -537.386902 342.000000 154.423431
v -506.386902 326.000000 154.423416
v -542.386963 342.000000 154.423401
v -546.386902 346.000000 154.423431
v -506.386902 350.000000 154.423416
v -546.386902 350.000000 154.423431
v -538.386841 358.000000 146.423431
v -546.386963 402.000000 146.423401
v -546.386963 358.000000 146.423401
v -538.386841 402.000000 146.423416
v -538.386963 358.000000 154.423401
v -538.386963 402.000000 154.423401
v -538.386841 402.000000 146.423416
v -538.386841 358.000000 146.423431
v 2.613037 326.000122 694.423401
v 2.613068 326.000122 686.423462
v -8.386948 326.000122 686.423401
v -8.386917 326.000122 694.423462
v -542.386963 342.000000 154.423401
v -542.386841 342.000000 146.423431
v -546.386902 346.000000 146.423401
v -546.386902 346.000000 154.423431
v -546.386902 358.000000 154.423431
v -546.386963 358.000000 146.423401
v -546.386963 402.000000 146.423401
v -546.386902 402.000000 154.423431
v -546.386902 346.000000 154.423431
v -546.386902 346.000000 146.423401
v -546.386902 350.000000 146.423401
v -546.386902 350.000000 154.423431
v -538.386963 358.000000 154.423401
v -546.386902 402.000000 154.423431
v -538.386963 402.000000 154.423401
v -546.386902 358.000000 154.423431
v -506.386902 358.000000 158.423401
v -506.386902 350.000000 154.423416
v -546.386902 350.000000 154.423431
v -550.386902 358.000000 158.423431
v 18.613098 334.000122 694.423462
v 2.613037 326.000122 694.423401
v -8.386917 326.000122 694.423462
v 22.613098 342.000122 694.423462
v 27.613037 342.000122 694.423401
v -8.386917 350.000122 694.423462
v 31.613068 346.000122 694.423462
v 31.613068 350.000122 694.423462
v 35.613068 358.000122 698.423462
v 31.613068 350.000122 694.423462
v -8.386917 350.000122 694.423462
v -8.386902 358.000122 698.423401
v 23.613037 402.000122 694.423401
v -8.386932 402.000122 694.423462
v -8.386902 410.000122 698.423340
v 31.613068 402.000122 694.423462
v 35.613068 410.000122 698.423401
v -550.386902 410.000000 158.423431
v -546.386902 402.000000 154.423431
v -534.386902 402.000000 142.423431
v -534.386902 410.000000 142.423431
v -550.386902 410.000000 158.423431
v -534.386902 410.000000 142.423431
v -534.386902 402.000000 142.423431
v -546.386902 402.000000 154.423431
v -538.386963 402.000000 154.423401
v -546.386902 402.000000 154.423431
v -550.386902 410.000000 158.423431
v -506.386902 402.000000 154.423416
v -506.386932 410.000000 158.423401
v -498.386932 490.000061 244.423401
v -498.386932 490.000061 236.423401
v -506.386932 490.000061 236.423401
v -506.386932 490.000061 244.423401
v -498.386902 490.000061 292.423401
v -506.386902 490.000061 292.423370
v -498.386902 490.000061 300.423401
v -506.386902 490.000061 300.423401
v -506.386932 490.000061 244.423401
v -506.386932 490.000061 236.423401
v -506.386932 498.000061 236.423401
v -506.386902 498.000061 300.423401
v -506.386902 490.000061 292.423370
v -506.386902 490.000061 300.423401
v -498.386932 418.000031 244.423401
v -506.386932 490.000061 244.423401
v -498.386932 490.000061 244.423401
v -506.386932 418.000031 244.423401
v -0.386932 558.000183 750.423401
v -0.386902 566.000061 18.423359
v -0.386902 558.000061 18.423359
v -0.386932 566.000183 750.423401
v -0.386932 558.000183 750.423401
v -8.386932 558.000183 750.423401
v -8.386932 566.000183 750.423401
v -0.386932 566.000183 750.423401
v -184.386932 654.000061 750.423279
v -184.386932 658.000061 750.423279
v -188.386932 648.000061 750.423279
v -192.386948 658.000061 750.423340
v -322.386902 658.000061 750.423279
v -330.386902 654.000061 750.423340
v -326.386902 648.000061 750.423340
v -506.386902 566.000122 750.423340
v -506.386902 558.000122 750.423340
v -514.386902 566.000122 750.423340
v -514.386902 558.000122 750.423340
v -330.386902 658.000061 750.423340
v -498.386902 418.000031 292.423401
v -498.386902 490.000061 292.423401
v -506.386902 490.000061 292.423370
v -506.386902 418.000031 292.423370
v -498.386902 490.000061 356.423370
v -498.386963 490.000061 348.423431
v -506.386902 490.000061 348.423401
v -506.386902 490.000061 356.423370
v -498.386932 490.000061 404.423401
v -506.386932 490.000061 404.423401
v -498.386932 490.000061 412.423401
v -506.386963 490.000061 412.423431
v -506.386902 490.000061 356.423370
v -506.386902 490.000061 348.423401
v -506.386902 498.000061 348.423401
v -506.386963 498.000061 412.423431
v -506.386932 490.000061 404.423401
v -506.386963 490.000061 412.423431
v -498.386902 418.000061 356.423370
v -506.386902 490.000061 356.423370
v -498.386902 490.000061 356.423370
v -506.386902 418.000061 356.423370
v -498.386932 418.000061 404.423401
v -498.386932 490.000061 404.423401
v -506.386932 490.000061 404.423401
v -506.386932 418.000061 404.423401
v -506.386902 558.000061 150.423386
v -506.386932 558.000000 18.423359
v -508.164703 558.000122 422.423401
v -514.386963 558.000000 18.423389
v -506.386963 558.000061 324.423401
v -506.386902 558.000122 436.423401
v -506.386902 558.000122 610.423340
v -506.386902 558.000122 742.423340
v -506.386902 558.000122 750.423340
v -514.386902 558.000122 750.423340
v -8.386932 558.000183 750.423401
v -8.386932 558.000183 742.423401
v -188.386978 648.000061 742.423340
v -188.386932 648.000061 750.423279
v -498.386902 490.000061 468.423370
v -498.386932 490.000061 460.423370
v -506.386902 490.000061 460.423370
v -506.386932 490.000061 468.423401
v -498.386902 490.000061 516.423279
v -506.386902 490.000061 516.423340
v -498.386902 490.000061 524.423340
v -506.386902 490.000061 524.423279
v -506.386932 490.000061 468.423401
v -506.386902 490.000061 460.423370
v -506.386902 498.000061 460.423370
v -506.386902 498.000061 524.423279
v -506.386902 490.000061 516.423340
v -506.386902 490.000061 524.423279
v -498.386902 418.000061 468.423370
v -506.386932 418.000061 468.423401
v -506.386932 490.000061 468.423401
v -498.386902 490.000061 468.423370
v -498.386902 418.000061 516.423279
v -498.386902 490.000061 516.423279
v -506.386902 490.000061 516.423340
v -506.386902 418.000061 516.423340
v -188.386932 648.000061 750.423279
v -188.386978 648.000061 742.423340
v -326.386902 648.000061 742.423279
v -326.386902 648.000061 750.423340
v -326.386902 648.000061 750.423340
v -330.386902 654.000061 742.423279
v -326.386902 648.000061 742.423279
v -330.386902 654.000061 750.423340
v -506.386902 326.000092 614.423462
v -506.386902 326.000092 606.423462
v -517.386841 326.000092 606.423401
v -517.386841 326.000092 614.423401
v -506.386902 474.000092 610.423340
v -506.386902 482.000092 610.423340
v -506.386902 482.000092 618.423340
v -506.386902 410.000092 618.423340
v -506.386902 418.000092 610.423340
v -506.386902 402.000092 618.423401
v -506.386902 350.000092 610.423401
v -506.386902 350.000092 618.423401
v -506.386902 489.500092 618.923340
v -506.386902 482.000092 618.423340
v -506.386902 482.000092 610.423340
v -506.386902 491.375092 611.048340
v -506.386902 496.000092 620.423340
v -506.386902 499.500092 612.923340
v -506.386902 501.500092 622.923340
v -506.386902 506.000092 626.423279
v -506.386902 512.000122 620.423340
v -506.386902 506.375092 616.048340
v -506.386902 509.500092 630.923340
v -506.386902 516.375122 626.048340
v -506.386902 519.500122 632.923340
v -506.386902 512.000122 636.423340
v -506.386902 513.500122 642.923340
v -506.386902 521.375122 641.048340
v -506.386902 522.000122 650.423340
v -506.386902 514.000122 650.423340
v -506.386871 513.500122 657.923279
v -506.386902 514.000122 650.423340
v -506.386902 522.000122 650.423340
v -506.386902 521.375122 659.798340
v -506.386902 519.500122 667.923340
v -506.386871 512.000122 664.423279
v -506.386902 509.500092 669.923340
v -506.386902 516.375122 674.798340
v -506.386902 512.000122 680.423340
v -506.386902 506.000092 674.423340
v -506.386902 501.500092 677.923340
v -506.386902 506.375092 684.798340
v -506.386963 499.500092 687.923401
v -506.386902 496.000092 680.423340
v -506.386902 489.500092 681.923340
v -506.386902 491.375092 689.798340
v -506.386902 482.000092 690.423340
v -506.386902 482.000092 682.423340
v -506.386902 410.000092 682.423340
v -506.386902 482.000092 682.423340
v -506.386902 482.000092 690.423340
v -506.386902 402.000092 682.423401
v -506.386902 474.000092 690.423340
v -506.386902 418.000092 690.423340
v -506.386902 350.000092 682.423401
v -506.386902 350.000092 690.423401
v -506.386902 410.000092 618.423340
v -506.386902 482.000092 618.423340
v -498.386932 482.000092 618.423340
v -506.386902 402.000092 618.423401
v -498.386932 358.000092 618.423401
v -506.386902 350.000092 618.423401
v -498.386932 350.000092 618.423401
v -498.386932 482.000092 618.423340
v -506.386902 482.000092 618.423340
v -498.386902 489.500092 618.923340
v -506.386902 489.500092 618.923340
v -506.386902 496.000092 620.423340
v -498.386902 496.000092 620.423340
v -498.386902 501.500092 622.923340
v -506.386902 501.500092 622.923340
v -506.386902 402.000092 618.423401
v -534.386902 410.000092 618.423340
v -506.386902 410.000092 618.423340
v -534.386902 402.000092 618.423401
v -498.386902 501.500092 622.923340
v -506.386902 501.500092 622.923340
v -506.386902 506.000092 626.423279
v -498.386932 506.000092 626.423340
v -498.386932 506.000092 626.423340
v -506.386902 506.000092 626.423279
v -498.386902 509.500092 630.923340
v -506.386902 509.500092 630.923340
v -506.386902 512.000122 636.423340
v -498.386902 512.000122 636.423340
v -498.386902 513.500122 642.923340
v -506.386902 513.500122 642.923340
v -506.386902 514.000122 650.423340
v -498.386902 514.000122 650.423279
v -506.386902 514.000122 650.423340
v -506.386871 513.500122 657.923279
v -498.386902 514.000122 650.423279
v -498.386932 513.500122 657.923401
v -498.386932 512.000122 664.423401
v -506.386871 512.000122 664.423279
v -506.386902 509.500092 669.923340
v -498.386902 509.500092 669.923279
v -498.386902 506.000092 674.423340
v -506.386902 506.000092 674.423340
v -506.386902 506.000092 674.423340
v -506.386902 501.500092 677.923340
v -498.386902 506.000092 674.423340
v -498.386902 501.500092 677.923340
v -517.386841 326.000092 614.423401
v -517.386841 326.000092 606.423401
v -533.386902 334.000092 606.423401
v -533.386902 334.000092 614.423401
v -506.386902 326.000092 606.423462
v -506.386902 350.000092 606.423401
v -533.386902 334.000092 606.423401
v -517.386841 326.000092 606.423401
v -537.386902 342.000092 606.423401
v -542.386902 342.000092 606.423340
v -546.386902 350.000092 606.423401
v -546.386902 346.000092 606.423401
v -506.386902 410.000061 602.423340
v -538.386902 402.000092 606.423401
v -506.386902 402.000092 606.423401
v -550.386902 410.000061 602.423340
v -546.386902 402.000092 606.423401
v -533.386902 334.000092 614.423401
v -533.386902 334.000092 606.423401
v -537.386902 342.000092 606.423401
v -537.386902 342.000092 614.423401
v -537.386902 342.000092 614.423401
v -537.386902 342.000092 606.423401
v -542.386902 342.000092 606.423340
v -542.386902 342.000092 614.423401
v -517.386841 326.000092 614.423401
v -533.386902 334.000092 614.423401
v -537.386902 342.000092 614.423401
v -506.386902 326.000092 614.423462
v -542.386902 342.000092 614.423401
v -546.386902 346.000092 614.423401
v -506.386902 350.000092 614.423401
v -546.386902 350.000092 614.423401
v -538.386902 358.000092 606.423401
v -546.386902 402.000092 606.423401
v -546.386902 358.000092 606.423401
v -538.386902 402.000092 606.423401
v -538.386902 358.000092 614.423401
v -538.386902 402.000092 614.423401
v -538.386902 402.000092 606.423401
v -538.386902 358.000092 606.423401
v -538.386902 402.000092 606.423401
v -546.386902 402.000092 606.423401
v -534.386902 402.000092 618.423401
v -506.386902 402.000092 606.423401
v -506.386902 402.000092 618.423401
v -534.386902 402.000092 618.423401
v -546.386902 402.000092 606.423401
v -546.386902 402.000092 614.423401
v -546.386902 402.000092 686.423401
v -534.386841 402.000092 682.423340
v -546.386902 402.000092 694.423401
v -534.386841 402.000092 682.423340
v -546.386902 402.000092 694.423401
v -538.386902 402.000092 694.423401
v -506.386902 402.000092 682.423401
v -506.386932 402.000092 694.423462
v -534.386902 402.000092 618.423401
v -550.386902 410.000061 602.423340
v -546.386902 402.000092 606.423401
v -534.386902 410.000092 618.423340
v -506.386902 350.000092 606.423401
v -550.386902 358.000061 602.423401
v -546.386902 350.000092 606.423401
v -506.386902 358.000061 602.423401
v -506.386902 350.000092 610.423401
v -506.386902 350.000092 606.423401
v -546.386902 350.000092 606.423401
v -546.386902 350.000092 614.423401
v -506.386902 350.000092 618.423401
v -546.386902 350.000092 686.423401
v -506.386902 350.000092 682.423401
v -546.386902 350.000092 694.423401
v -506.386902 350.000092 690.423401
v -506.386932 350.000092 694.423462
v -506.386902 410.000092 618.423340
v -534.386902 410.000092 618.423340
v -550.386902 410.000061 602.423340
v -506.386902 410.000061 602.423340
v -550.386902 410.000092 698.423340
v -550.386902 410.000061 602.423340
v -534.386902 410.000092 618.423340
v -534.386841 410.000092 682.423279
v -506.386932 410.000092 698.423401
v -550.386902 410.000092 698.423340
v -534.386841 410.000092 682.423279
v -506.386902 410.000092 682.423340
v -550.386902 358.000061 602.423401
v -506.386902 358.000061 602.423401
v -506.386902 358.000092 618.423401
v -506.386902 358.000092 682.423401
v -498.386902 358.000092 682.423401
v -550.386902 358.000092 698.423401
v -506.386932 358.000092 698.423462
v -498.386932 358.000092 618.423401
v -542.386902 342.000092 614.423401
v -542.386902 342.000092 606.423340
v -546.386902 346.000092 606.423401
v -546.386902 346.000092 614.423401
v -546.386902 402.000092 614.423401
v -546.386902 402.000092 606.423401
v -550.386902 410.000061 602.423340
v -550.386902 410.000092 698.423340
v -546.386902 402.000092 686.423401
v -546.386902 402.000092 694.423401
v -546.386902 358.000092 614.423401
v -546.386902 358.000092 606.423401
v -546.386902 402.000092 606.423401
v -546.386902 402.000092 614.423401
v -546.386902 350.000092 614.423401
v -546.386902 350.000092 606.423401
v -550.386902 358.000061 602.423401
v -550.386902 358.000092 698.423401
v -546.386902 350.000092 686.423401
v -546.386902 350.000092 694.423401
v -546.386902 346.000092 614.423401
v -546.386902 350.000092 606.423401
v -546.386902 350.000092 614.423401
v -546.386902 346.000092 606.423401
v -538.386902 358.000092 614.423401
v -546.386902 358.000092 614.423401
v -546.386902 402.000092 614.423401
v -538.386902 402.000092 614.423401
v -498.386902 496.000092 680.423279
v -498.386902 501.500092 677.923340
v -506.386902 501.500092 677.923340
v -506.386902 496.000092 680.423340
v -506.386902 489.500092 681.923340
v -498.386902 489.500092 681.923340
v -498.386902 482.000092 682.423340
v -506.386902 482.000092 682.423340
v -498.386902 482.000092 682.423340
v -506.386902 482.000092 682.423340
v -506.386902 410.000092 682.423340
v -498.386902 358.000092 682.423401
v -498.386902 350.000092 682.423401
v -506.386902 402.000092 682.423401
v -506.386902 350.000092 682.423401
v -506.386902 402.000092 682.423401
v -506.386902 410.000092 682.423340
v -534.386841 410.000092 682.423279
v -534.386841 402.000092 682.423340
v -506.386932 326.000092 694.423462
v -506.386902 326.000092 686.423401
v -517.386902 326.000092 686.423401
v -517.386902 326.000092 694.423401
v -517.386902 326.000092 694.423401
v -517.386902 326.000092 686.423401
v -533.386902 334.000092 686.423401
v -533.386902 334.000092 694.423401
v -506.386902 326.000092 686.423401
v -533.386902 334.000092 686.423401
v -517.386902 326.000092 686.423401
v -506.386902 350.000092 686.423401
v -537.386902 342.000092 686.423401
v -542.386902 342.000092 686.423401
v -546.386902 350.000092 686.423401
v -546.386902 346.000092 686.423401
v -533.386902 334.000092 694.423401
v -533.386902 334.000092 686.423401
v -537.386902 342.000092 686.423401
v -537.386902 342.000092 694.423401
v -537.386902 342.000092 694.423401
v -537.386902 342.000092 686.423401
v -542.386902 342.000092 686.423401
v -542.386902 342.000092 694.423401
v -517.386902 326.000092 694.423401
v -533.386902 334.000092 694.423401
v -537.386902 342.000092 694.423401
v -506.386932 326.000092 694.423462
v -506.386932 350.000092 694.423462
v -546.386902 346.000092 694.423401
v -542.386902 342.000092 694.423401
v -546.386902 350.000092 694.423401
v -538.386902 358.000092 686.423401
v -546.386902 402.000092 686.423401
v -546.386902 358.000092 686.423401
v -538.386902 402.000092 686.423401
v -538.386902 358.000092 694.423401
v -538.386902 402.000092 686.423401
v -538.386902 358.000092 686.423401
v -538.386902 402.000092 694.423401
v -542.386902 342.000092 694.423401
v -542.386902 342.000092 686.423401
v -546.386902 346.000092 686.423401
v -546.386902 346.000092 694.423401
v -546.386902 358.000092 694.423401
v -546.386902 402.000092 686.423401
v -546.386902 402.000092 694.423401
v -546.386902 358.000092 686.423401
v -546.386902 346.000092 694.423401
v -546.386902 350.000092 686.423401
v -546.386902 350.000092 694.423401
v -546.386902 346.000092 686.423401
v -538.386902 358.000092 694.423401
v -546.386902 358.000092 694.423401
v -546.386902 402.000092 694.423401
v -538.386902 402.000092 694.423401
v -506.386932 358.000092 698.423462
v -506.386932 350.000092 694.423462
v -546.386902 350.000092 694.423401
v -550.386902 358.000092 698.423401
v -550.386902 410.000092 698.423340
v -534.386841 402.000092 682.423340
v -546.386902 402.000092 694.423401
v -534.386841 410.000092 682.423279
v -550.386902 410.000092 698.423340
v -534.386841 402.000092 682.423340
v -534.386841 410.000092 682.423279
v -546.386902 402.000092 694.423401
v -538.386902 402.000092 694.423401
v -546.386902 402.000092 694.423401
v -550.386902 410.000092 698.423340
v -506.386932 402.000092 694.423462
v -506.386932 410.000092 698.423401
v -326.386902 648.000061 750.423340
v -326.386902 648.000061 742.423279
v -506.386902 558.000122 742.423340
v -506.386902 558.000122 750.423340
v -514.386902 558.000122 750.423340
v -514.386963 566.000000 18.423389
v -514.386902 566.000122 750.423340
v -514.386963 558.000000 18.423389
v -472.386902 -66.000000 154.423477
v -482.386902 -66.000008 138.423462
v -472.386902 -66.000008 138.423447
v -482.386902 -66.000000 154.423477
v -472.386902 -65.999947 606.423462
v -482.386871 -65.999947 606.423462
v -472.386841 -65.999947 622.423401
v -482.386902 -65.999947 622.423462
v -506.386902 -65.999947 606.423462
v -506.386902 -66.000000 154.423477
v -8.386917 -1.999923 622.423462
v -42.386887 -1.999982 138.423447
v -8.386902 -1.999982 138.423431
v -42.386902 -1.999923 622.423462
v -42.386902 -9.999923 622.423462
v -76.386902 -9.999982 138.423431
v -42.386887 -9.999982 138.423447
v -76.386902 -9.999923 622.423462
v -76.386902 -17.999922 622.423462
v -110.386902 -17.999990 138.423462
v -76.386902 -17.999983 138.423431
v -110.386932 -17.999922 622.423462
v -110.386932 -25.999922 622.423462
v -144.386902 -25.999990 138.423462
v -110.386902 -25.999990 138.423462
v -144.386902 -25.999929 622.423462
v -144.386902 -33.999928 622.423462
v -273.386902 -33.999996 138.423492
v -144.386902 -33.999989 138.423462
v -241.386917 -33.999931 622.423462
v -370.386902 -33.999939 622.423462
v -370.386902 -34.000000 138.423477
v -370.386902 -41.999939 622.423462
v -404.386902 -42.000000 138.423462
v -370.386902 -42.000000 138.423477
v -404.386871 -41.999943 622.423401
v -404.386871 -49.999943 622.423401
v -438.386902 -50.000004 138.423462
v -404.386902 -50.000000 138.423462
v -438.386871 -49.999943 622.423401
v -438.386871 -57.999943 622.423401
v -472.386902 -58.000004 138.423447
v -438.386902 -58.000004 138.423462
v -472.386841 -57.999947 622.423401
v -8.386932 410.000061 244.423401
v -0.386932 418.000061 236.423386
v -16.386932 418.000061 236.423401
v -16.386932 410.000061 244.423370
v -16.386932 418.000061 244.423370
v -16.386932 418.000061 236.423401
v -0.386932 418.000061 236.423386
v -0.386932 418.000061 300.423401
v -16.386963 418.000061 292.423401
v -16.386932 418.000061 300.423401
v -0.386932 418.000061 300.423401
v -0.386932 418.000061 236.423386
v -8.386932 410.000061 244.423401
v -8.386932 410.000061 292.423401
v -0.386932 418.000061 300.423401
v -8.386932 410.000061 292.423401
v -16.386963 410.000061 292.423401
v -16.386932 418.000061 300.423401
v -8.386932 410.000061 356.423401
v -0.386963 418.000061 348.423431
v -16.386932 418.000061 348.423401
v -16.386932 410.000061 356.423401
v -16.386932 418.000061 356.423401
v -16.386932 418.000061 348.423401
v -0.386963 418.000061 348.423431
v -0.386963 418.000092 412.423370
v -16.386932 418.000061 404.423401
v -16.386932 418.000061 412.423401
v -0.386963 418.000092 412.423370
v -8.386932 410.000061 356.423401
v -8.386932 410.000061 404.423401
v -0.386963 418.000061 348.423431
v -0.386963 418.000092 412.423370
v -8.386932 410.000061 404.423401
v -16.386932 410.000061 404.423401
v -16.386932 418.000061 412.423401
v -8.386932 410.000092 468.423431
v -0.386932 418.000092 460.423401
v -16.386932 418.000092 460.423401
v -16.386932 410.000092 468.423370
v -16.386932 418.000092 468.423370
v -16.386932 418.000092 460.423401
v -0.386932 418.000092 460.423401
v -0.386932 418.000092 524.423340
v -16.386917 418.000092 516.423401
v -16.386932 418.000092 524.423340
v -0.386932 418.000092 524.423340
v -0.386932 418.000092 460.423401
v -8.386932 410.000092 468.423431
v -8.386932 410.000092 516.423340
v -0.386932 418.000092 524.423340
v -8.386932 410.000092 516.423340
v -16.386917 410.000092 516.423401
v -16.386932 418.000092 524.423340
v -514.386902 418.000031 236.423416
v -498.386902 418.000031 236.423401
v -498.386932 418.000031 244.423401
v -498.386902 418.000031 292.423401
v -514.386963 418.000031 300.423401
v -498.386902 418.000031 300.423401
v -498.386932 410.000031 244.423401
v -514.386902 418.000031 236.423416
v -506.386932 410.000031 244.423401
v -498.386902 418.000031 236.423401
v -498.386902 418.000031 300.423401
v -498.386902 410.000031 292.423401
v -506.386902 410.000031 292.423401
v -514.386963 418.000031 300.423401
v -514.386963 418.000031 300.423401
v -506.386902 410.000031 292.423401
v -506.386932 410.000031 244.423401
v -514.386902 418.000031 236.423416
v -514.386902 418.000031 348.423401
v -498.386963 418.000061 348.423431
v -498.386902 418.000061 356.423370
v -498.386932 418.000061 404.423401
v -514.386963 418.000061 412.423431
v -498.386932 418.000061 412.423401
v -498.386902 410.000061 356.423370
v -498.386963 418.000061 348.423431
v -514.386902 418.000031 348.423401
v -506.386902 410.000061 356.423370
v -498.386932 418.000061 412.423401
v -498.386932 410.000061 404.423401
v -506.386932 410.000061 404.423401
v -514.386963 418.000061 412.423431
v -514.386963 418.000061 412.423431
v -506.386932 410.000061 404.423401
v -506.386902 410.000061 356.423370
v -514.386902 418.000031 348.423401
v -514.386963 418.000061 460.423401
v -498.386932 418.000061 460.423370
v -498.386902 418.000061 468.423370
v -498.386902 418.000061 516.423279
v -514.386902 418.000061 524.423340
v -498.386902 418.000061 524.423340
v -498.386902 410.000061 468.423370
v -514.386963 418.000061 460.423401
v -506.386932 410.000061 468.423401
v -498.386932 418.000061 460.423370
v -498.386902 418.000061 524.423340
v -498.386902 410.000061 516.423279
v -506.386902 410.000061 516.423340
v -514.386902 418.000061 524.423340
v -514.386902 418.000061 524.423340
v -506.386902 410.000061 516.423340
v -506.386932 410.000061 468.423401
v -514.386963 418.000061 460.423401
v -297.386902 -34.000008 74.423492
v -361.386902 78.000000 74.423454
v -297.386902 78.000000 74.423454
v -361.386902 -34.000011 74.423462
v -153.386917 -33.999916 686.423462
v -153.386932 78.000076 686.423462
v -217.386917 78.000076 686.423401
v -217.386902 -33.999920 686.423462
v 0.000000 0.000000 0.000000
v -14.142151 -10.000000 0.000001
v 0.000000 -10.000000 0.000001
v -14.142151 0.000000 0.000000
v -472.386902 -66.000000 154.423477
v -472.386902 -66.000008 138.423447
v -472.386902 -58.000004 138.423447
v -472.386841 -57.999947 622.423401
v -472.386902 -65.999947 606.423462
v -472.386841 -65.999947 622.423401
v -482.386902 -74.000000 154.423477
v -482.386902 -74.000008 138.423462
v -482.386902 -66.000008 138.423462
v -482.386902 -66.000000 154.423477
v -42.386902 -9.999923 622.423462
v -42.386887 -9.999982 138.423447
v -42.386887 -1.999982 138.423447
v -42.386902 -1.999923 622.423462
v -76.386902 -17.999922 622.423462
v -76.386902 -9.999982 138.423431
v -76.386902 -9.999923 622.423462
v -76.386902 -17.999983 138.423431
v -110.386932 -25.999922 622.423462
v -110.386902 -17.999990 138.423462
v -110.386932 -17.999922 622.423462
v -110.386902 -25.999990 138.423462
v 0.000000 -10.000000 0.000001
v -0.000031 -9.999906 748.119019
v 0.000000 0.000000 0.000000
v -0.000031 0.000095 748.119019
v -14.142181 0.000095 748.118958
v -14.142181 -9.999906 748.118958
v -14.142151 0.000000 0.000000
v -14.142151 -10.000000 0.000001
v -144.386902 -33.999928 622.423462
v -144.386902 -33.999989 138.423462
v -144.386902 -25.999990 138.423462
v -144.386902 -25.999929 622.423462
v -121.386887 -33.999928 622.423462
v -144.386902 -33.999928 622.423462
v -144.386902 -25.999929 622.423462
v -110.386932 -33.999928 622.423462
v -110.386932 -25.999922 622.423462
v -370.386902 -41.999939 622.423462
v -370.386902 -42.000000 138.423477
v -370.386902 -34.000000 138.423477
v -370.386902 -33.999939 622.423462
v -404.386871 -49.999943 622.423401
v -404.386902 -50.000000 138.423462
v -404.386902 -42.000000 138.423462
v -404.386871 -41.999943 622.423401
v -438.386871 -57.999943 622.423401
v -438.386902 -50.000004 138.423462
v -438.386871 -49.999943 622.423401
v -438.386902 -58.000004 138.423462
v -482.386902 -73.999947 622.423462
v -482.386871 -73.999947 606.423462
v -482.386871 -65.999947 606.423462
v -482.386902 -65.999947 622.423462
v -506.386902 -73.999947 606.423462
v -506.386902 -74.000000 154.423477
v -506.386902 -66.000000 154.423477
v -506.386902 -65.999947 606.423462
v -0.386871 96.000023 18.423424
v -8.386902 124.000023 18.423452
v -8.386902 96.000023 18.423454
v -0.386871 124.000023 18.423422
v -0.386902 124.000031 122.423454
v -8.386902 124.000023 18.423452
v -0.386871 124.000023 18.423422
v -8.386902 124.000031 122.423424
v -0.386902 96.000031 122.423454
v -0.386871 124.000023 18.423422
v -0.386871 96.000023 18.423424
v -0.386902 124.000031 122.423454
v -0.386902 96.000038 154.423431
v -0.386902 -89.999977 154.423447
v -0.386902 96.000038 154.423431
v -0.386902 96.000031 122.423454
v -0.386902 -89.999985 122.423470
v -0.386902 108.000038 154.423416
v -0.386902 133.429733 159.056229
v -0.386902 151.367233 127.181236
v -0.386902 108.000038 154.423416
v -0.386902 124.000031 122.423454
v -0.386902 157.218796 164.954666
v -0.386932 179.367233 172.118729
v -0.386902 200.804733 141.243713
v -0.386902 176.968796 133.454666
v -0.386932 199.875046 180.548416
v -0.386902 218.742233 190.243729
v -0.386902 243.179733 161.368729
v -0.386902 222.875046 150.548416
v -0.386902 235.968796 201.204636
v -0.386902 251.554733 213.431229
v -0.386902 278.492218 187.556229
v -0.386902 261.718781 173.704636
v -0.386902 265.500061 226.923416
v -0.386902 277.804749 241.681229
v -0.386932 306.742249 219.806213
v -0.386902 293.500061 202.923416
v -0.386902 288.468811 257.704651
v -0.386902 327.929749 258.118683
v -0.386902 318.218811 238.204651
v -0.386932 297.492249 274.993713
v -0.386932 304.875061 293.548401
v -0.386932 342.054749 302.493713
v -0.386932 335.875061 279.548431
v -0.386932 310.617249 313.368713
v -0.386932 314.718811 334.454681
v -0.386932 349.117249 352.931213
v -0.386932 346.468811 326.954651
v -0.386932 317.179749 356.806244
v -0.386902 318.000061 380.423431
v -0.386932 349.117249 407.915588
v -0.386932 350.000061 380.423401
v -0.386902 318.000061 380.423431
v -0.386932 350.000061 380.423401
v -0.386902 317.179749 404.040588
v -0.386963 314.718842 426.392151
v -0.386902 346.468842 433.892151
v -0.386932 342.054779 458.353088
v -0.386932 310.617279 447.478119
v -0.386932 304.875092 467.298401
v -0.386963 335.875092 481.298401
v -0.386932 327.929779 502.728088
v -0.386932 297.492279 485.853088
v -0.386932 288.468842 503.142151
v -0.386932 318.218842 522.642212
v -0.386932 306.742279 541.040588
v -0.386932 277.804779 519.165588
v -0.386932 265.500092 533.923462
v -0.386932 293.500092 557.923401
v -0.386932 278.492279 573.290588
v -0.386932 251.554794 547.415588
v -0.386932 235.968857 559.642212
v -0.386932 261.718842 587.142212
v -0.386932 243.179794 599.478088
v -0.386932 218.742294 570.603149
v -0.386932 199.875107 580.298462
v -0.386902 222.875107 610.298462
v -0.386902 200.804794 619.603149
v -0.386902 179.367294 588.728088
v -0.386932 157.218857 595.892212
v -0.386932 176.968857 627.392151
v -0.386902 151.367294 633.665649
v -0.386902 133.429794 601.790649
v -0.386902 108.000099 606.423462
v -0.386932 124.000099 638.423401
v -0.386932 96.000099 638.423401
v -0.386932 124.000099 638.423401
v -0.386902 108.000099 606.423462
v -0.386902 96.000107 742.423462
v -0.386902 124.000107 742.423462
v -0.386902 96.000099 606.423462
v -0.386902 -89.999916 638.423401
v -0.386932 96.000099 638.423401
v -0.386902 96.000099 606.423462
v -0.386902 -89.999924 606.423462
v -0.386902 96.000031 122.423454
v -0.386871 96.000023 18.423424
v -8.386902 96.000023 18.423454
v -8.386902 96.000031 122.423424
v -0.386902 96.000031 122.423454
v -8.386902 96.000031 122.423424
v -32.386902 96.000038 154.423431
v -32.386902 96.000031 122.423424
v -0.386902 96.000038 154.423431
v -0.386902 124.000031 122.423454
v -0.386902 151.367233 127.181236
v -8.386902 124.000031 122.423424
v -8.386902 151.367233 127.181236
v -8.386917 176.968796 133.454681
v -0.386902 176.968796 133.454666
v -0.386902 200.804733 141.243713
v -8.386902 200.804733 141.243729
v -8.386902 222.875046 150.548416
v -0.386902 222.875046 150.548416
v -0.386902 243.179733 161.368729
v -8.386887 243.179733 161.368713
v -8.386902 261.718781 173.704666
v -0.386902 261.718781 173.704636
v -8.386902 96.000031 122.423424
v -32.386902 96.000031 122.423424
v -32.386902 -89.999985 122.423439
v -0.386902 96.000031 122.423454
v -0.386902 -89.999985 122.423470
v -32.386902 124.000031 122.423424
v -32.386932 151.367233 127.181236
v -32.386902 108.000038 154.423416
v -32.386902 96.000038 154.423431
v -32.386902 124.000031 122.423424
v -32.386902 108.000038 154.423416
v -32.386902 96.000031 122.423424
v -32.386887 -89.999977 154.423447
v -32.386902 96.000031 122.423424
v -32.386902 96.000038 154.423431
v -32.386902 -89.999985 122.423439
v -32.386887 133.429733 159.056213
v -32.386917 157.218796 164.954651
v -32.386902 200.804733 141.243729
v -32.386902 179.367233 172.118698
v -32.386902 176.968796 133.454666
v -32.386887 199.875046 180.548401
v -32.386902 243.179733 161.368729
v -32.386932 218.742233 190.243729
v -32.386902 222.875046 150.548416
v -32.386902 235.968796 201.204666
v -32.386902 278.492218 187.556229
v -32.386917 251.554733 213.431213
v -32.386917 261.718781 173.704681
v -32.386932 265.500061 226.923416
v -32.386902 306.742249 219.806183
v -32.386902 277.804749 241.681229
v -32.386917 293.500061 202.923401
v -32.386932 288.468811 257.704651
v -32.386932 318.218811 238.204651
v -32.386932 327.929749 258.118713
v -32.386932 297.492249 274.993744
v -32.386932 304.875061 293.548401
v -32.386917 335.875061 279.548431
v -32.386963 342.054749 302.493713
v -32.386932 310.617249 313.368713
v -32.386932 314.718811 334.454651
v -32.386932 346.468811 326.954651
v -32.386932 349.117249 352.931213
v -32.386932 317.179749 356.806244
v -32.386932 318.000061 380.423401
v -32.386932 350.000061 380.423401
v -32.386932 349.117249 407.915588
v -32.386932 318.000061 380.423401
v -32.386932 350.000061 380.423401
v -32.386932 317.179749 404.040588
v -32.386932 314.718811 426.392151
v -32.386932 346.468811 433.892181
v -32.386932 342.054779 458.353058
v -32.386917 310.617279 447.478088
v -32.386917 304.875092 467.298401
v -32.386932 335.875092 481.298401
v -32.386932 327.929779 502.728088
v -32.386932 297.492279 485.853058
v -32.386917 288.468842 503.142181
v -32.386932 318.218842 522.642151
v -32.386917 306.742279 541.040649
v -32.386948 277.804779 519.165649
v -32.386932 265.500092 533.923462
v -32.386902 293.500092 557.923462
v -32.386917 278.492279 573.290588
v -32.386902 251.554794 547.415649
v -32.386932 235.968857 559.642212
v -32.386932 261.718842 587.142212
v -32.386902 243.179794 599.478149
v -32.386932 218.742294 570.603149
v -32.386917 199.875107 580.298462
v -32.386917 222.875107 610.298462
v -32.386902 200.804794 619.603149
v -32.386902 179.367294 588.728149
v -32.386902 157.218857 595.892212
v -32.386902 176.968857 627.392212
v -32.386932 151.367294 633.665649
v -32.386902 133.429794 601.790649
v -32.386917 108.000099 606.423401
v -32.386932 124.000099 638.423462
v -32.386932 96.000099 638.423462
v -32.386917 108.000099 606.423401
v -32.386932 124.000099 638.423462
v -32.386917 -89.999924 638.423462
v -32.386917 96.000099 606.423401
v -32.386932 96.000099 638.423462
v -32.386917 96.000099 606.423401
v -32.386902 -89.999924 606.423462
v -0.386902 96.000038 154.423431
v -32.386902 108.000038 154.423416
v -0.386902 108.000038 154.423416
v -32.386902 96.000038 154.423431
v -0.386902 -89.999977 154.423447
v -32.386902 96.000038 154.423431
v -0.386902 96.000038 154.423431
v -32.386887 -89.999977 154.423447
v -0.386902 133.429733 159.056229
v -0.386902 108.000038 154.423416
v -32.386902 108.000038 154.423416
v -32.386887 133.429733 159.056213
v -32.386917 157.218796 164.954651
v -0.386902 157.218796 164.954666
v -0.386932 179.367233 172.118729
v -32.386902 179.367233 172.118698
v -32.386887 199.875046 180.548401
v -0.386932 199.875046 180.548416
v -0.386902 218.742233 190.243729
v -32.386932 218.742233 190.243729
v -32.386902 235.968796 201.204666
v -0.386902 235.968796 201.204636
v -0.386902 261.718781 173.704636
v -0.386902 278.492218 187.556229
v -8.386902 261.718781 173.704666
v -8.386932 278.492218 187.556229
v -8.386932 278.492218 187.556229
v -0.386902 278.492218 187.556229
v -8.386902 293.500061 202.923386
v -0.386902 293.500061 202.923416
v -0.386932 306.742249 219.806213
v -8.386932 306.742249 219.806213
v -8.386902 318.218811 238.204651
v -0.386902 318.218811 238.204651
v -0.386902 327.929749 258.118683
v -8.386902 327.929749 258.118713
v -8.386932 335.875061 279.548401
v -0.386932 335.875061 279.548431
v -0.386932 342.054749 302.493713
v -8.386932 342.054749 302.493713
v -8.386932 346.468811 326.954651
v -0.386932 346.468811 326.954651
v -0.386932 349.117249 352.931213
v -8.386963 349.117249 352.931213
v -8.386932 350.000061 380.423401
v -0.386932 350.000061 380.423401
v -0.386932 349.117249 407.915588
v -8.386948 349.117249 407.915588
v -8.386932 346.468842 433.892151
v -0.386902 346.468842 433.892151
v -0.386932 342.054779 458.353088
v -8.386932 342.054779 458.353119
v -8.386902 335.875092 481.298401
v -0.386963 335.875092 481.298401
v -0.386932 327.929779 502.728088
v -8.386902 327.929779 502.728088
v -8.386932 318.218842 522.642212
v -0.386932 318.218842 522.642212
v -0.386932 306.742279 541.040588
v -8.386932 306.742279 541.040588
v -8.386917 293.500092 557.923462
v -0.386932 293.500092 557.923401
v -0.386932 278.492279 573.290588
v -8.386932 278.492279 573.290588
v -8.386932 278.492279 573.290588
v -0.386932 278.492279 573.290588
v -8.386902 261.718842 587.142212
v -0.386932 261.718842 587.142212
v -0.386902 251.554733 213.431229
v -0.386902 235.968796 201.204636
v -32.386902 235.968796 201.204666
v -32.386917 251.554733 213.431213
v -32.386932 265.500061 226.923416
v -0.386902 265.500061 226.923416
v -0.386902 277.804749 241.681229
v -0.386902 265.500061 226.923416
v -32.386932 265.500061 226.923416
v -32.386902 277.804749 241.681229
v -32.386932 288.468811 257.704651
v -0.386902 288.468811 257.704651
v -0.386932 297.492249 274.993713
v -32.386932 297.492249 274.993744
v -32.386932 304.875061 293.548401
v -0.386932 304.875061 293.548401
v -0.386932 310.617249 313.368713
v -32.386932 310.617249 313.368713
v -32.386932 314.718811 334.454651
v -0.386932 314.718811 334.454681
v -0.386932 317.179749 356.806244
v -32.386932 317.179749 356.806244
v -32.386932 318.000061 380.423401
v -0.386902 318.000061 380.423431
v -0.386902 317.179749 404.040588
v -32.386932 318.000061 380.423401
v -32.386932 317.179749 404.040588
v -32.386932 314.718811 426.392151
v -0.386963 314.718842 426.392151
v -0.386932 310.617279 447.478119
v -32.386917 310.617279 447.478088
v -32.386917 304.875092 467.298401
v -0.386932 304.875092 467.298401
v -0.386932 297.492279 485.853088
v -32.386932 297.492279 485.853058
v -32.386917 288.468842 503.142181
v -0.386932 288.468842 503.142151
v -0.386932 277.804779 519.165588
v -32.386948 277.804779 519.165649
v -32.386932 265.500092 533.923462
v -0.386932 265.500092 533.923462
v -0.386932 251.554794 547.415588
v -0.386932 265.500092 533.923462
v -32.386932 265.500092 533.923462
v -32.386902 251.554794 547.415649
v -32.386932 235.968857 559.642212
v -0.386932 235.968857 559.642212
v -297.386902 -34.000008 74.423492
v -273.386902 -34.000008 74.423462
v -273.386902 -34.000000 82.423462
v -273.386902 -34.000000 122.423462
v -361.386902 -34.000011 74.423462
v -273.386902 -33.999996 138.423492
v -393.386902 -34.000011 74.423462
v -370.386902 -34.000000 138.423477
v -393.386902 -34.000008 82.423462
v -393.386902 -34.000000 138.423477
v -241.386932 151.367203 127.181267
v -241.386917 124.000015 122.423454
v -241.386902 108.000023 154.423447
v -241.386902 -89.999992 154.423462
v -241.386902 108.000023 154.423447
v -241.386917 124.000015 122.423454
v -241.386902 -90.000000 122.423470
v -241.386932 133.429703 159.056259
v -241.386902 157.218765 164.954697
v -241.386932 179.367233 172.118759
v -241.386932 200.804733 141.243759
v -241.386902 176.968796 133.454697
v -241.386932 199.875046 180.548447
v -241.386932 218.742233 190.243759
v -241.386917 243.179733 161.368744
v -241.386932 222.875046 150.548447
v -241.386932 235.968796 201.204681
v -241.386917 251.554733 213.431244
v -241.386932 278.492218 187.556229
v -241.386932 261.718781 173.704697
v -241.386932 265.500061 226.923431
v -241.386917 277.804749 241.681229
v -241.386932 306.742249 219.806213
v -241.386932 293.500061 202.923416
v -241.386932 288.468811 257.704651
v -241.386932 327.929749 258.118713
v -241.386917 318.218811 238.204636
v -241.386932 297.492249 274.993713
v -241.386917 304.875061 293.548370
v -241.386932 342.054749 302.493713
v -241.386932 335.875061 279.548401
v -241.386917 310.617249 313.368683
v -241.386932 314.718811 334.454651
v -241.386917 349.117249 352.931213
v -241.386917 346.468811 326.954651
v -241.386917 317.179749 356.806213
v -241.386917 318.000061 380.423401
v -241.386917 349.117249 407.915558
v -241.386917 350.000061 380.423370
v -241.386917 318.000061 380.423401
v -241.386917 350.000061 380.423370
v -241.386932 317.179749 404.040588
v -241.386917 314.718811 426.392151
v -241.386932 346.468811 433.892151
v -241.386917 342.054749 458.353088
v -241.386917 310.617249 447.478058
v -241.386932 304.875061 467.298401
v -241.386932 335.875061 481.298401
v -241.386932 327.929749 502.728088
v -241.386917 297.492249 485.853058
v -241.386917 288.468811 503.142151
v -241.386917 318.218811 522.642151
v -241.386902 306.742249 541.040588
v -241.386902 277.804749 519.165588
v -241.386902 265.500061 533.923462
v -241.386932 293.500061 557.923462
v -241.386902 278.492249 573.290588
v -241.386902 251.554764 547.415649
v -241.386917 235.968826 559.642212
v -241.386932 261.718811 587.142212
v -241.386932 243.179764 599.478149
v -241.386917 218.742264 570.603149
v -241.386932 199.875076 580.298462
v -241.386932 222.875076 610.298462
v -241.386932 200.804764 619.603149
v -241.386902 179.367264 588.728088
v -241.386932 157.218826 595.892212
v -241.386932 176.968826 627.392212
v -241.386932 151.367264 633.665649
v -241.386932 133.429764 601.790649
v -241.386902 108.000084 606.423462
v -241.386887 124.000084 638.423462
v -241.386887 122.000084 638.423462
v -241.386887 124.000084 638.423462
v -241.386902 108.000084 606.423462
v -241.386902 -89.999931 606.423462
v -241.386871 -33.999928 638.423462
v -241.386871 -89.999931 638.423462
v -273.386902 124.000015 122.423454
v -273.386902 151.367203 127.181267
v -273.386902 108.000023 154.423447
v -273.386902 122.000015 122.423454
v -273.386902 124.000015 122.423454
v -273.386902 108.000023 154.423447
v -273.386902 -89.999992 154.423462
v -273.386902 -34.000000 122.423462
v -273.386902 -90.000000 122.423470
v -273.386932 133.429703 159.056259
v -273.386902 157.218765 164.954666
v -273.386902 200.804733 141.243759
v -273.386902 179.367233 172.118759
v -273.386902 176.968796 133.454666
v -273.386902 199.875046 180.548447
v -273.386932 243.179733 161.368759
v -273.386902 218.742233 190.243759
v -273.386932 222.875046 150.548447
v -273.386902 235.968796 201.204681
v -273.386902 278.492218 187.556229
v -273.386902 251.554733 213.431229
v -273.386902 261.718781 173.704697
v -273.386902 265.500061 226.923431
v -273.386902 306.742249 219.806213
v -273.386932 277.804749 241.681229
v -273.386902 293.500061 202.923416
v -273.386932 288.468811 257.704651
v -273.386932 318.218811 238.204666
v -273.386932 327.929749 258.118713
v -273.386932 297.492249 274.993744
v -273.386932 304.875061 293.548401
v -273.386932 335.875061 279.548401
v -273.386932 342.054749 302.493713
v -273.386932 310.617249 313.368713
v -273.386932 314.718811 334.454651
v -273.386932 346.468811 326.954651
v -273.386932 349.117249 352.931213
v -273.386902 317.179749 356.806213
v -273.386932 318.000061 380.423401
v -273.386932 350.000061 380.423401
v -273.386932 349.117249 407.915588
v -273.386932 318.000061 380.423401
v -273.386932 350.000061 380.423401
v -273.386932 317.179749 404.040588
v -273.386902 314.718811 426.392151
v -273.386932 346.468811 433.892151
v -273.386932 342.054749 458.353088
v -273.386902 310.617249 447.478058
v -273.386902 304.875061 467.298370
v -273.386932 335.875061 481.298401
v -273.386932 327.929749 502.728088
v -273.386932 297.492249 485.853088
v -273.386932 288.468811 503.142151
v -273.386932 318.218811 522.642212
v -273.386932 306.742249 541.040649
v -273.386932 277.804749 519.165649
v -273.386932 265.500061 533.923462
v -273.386902 293.500061 557.923401
v -273.386932 278.492249 573.290649
v -273.386932 251.554764 547.415649
v -273.386932 235.968826 559.642212
v -273.386932 261.718811 587.142212
v -273.386902 243.179764 599.478149
v -273.386932 218.742264 570.603149
v -273.386902 199.875076 580.298462
v -273.386902 222.875076 610.298462
v -273.386902 200.804764 619.603149
v -273.386902 179.367264 588.728149
v -273.386902 157.218826 595.892151
v -273.386902 176.968826 627.392212
v -273.386932 151.367264 633.665649
v -273.386902 133.429764 601.790649
v -273.386902 108.000084 606.423462
v -273.386902 124.000084 638.423462
v -273.386902 -89.999931 638.423462
v -273.386902 108.000084 606.423462
v -273.386902 124.000084 638.423462
v -273.386871 -89.999931 606.423462
v -241.386902 -89.999992 154.423462
v -273.386902 108.000023 154.423447
v -241.386902 108.000023 154.423447
v -273.386902 -89.999992 154.423462
v -273.386902 108.000023 154.423447
v -273.386932 133.429703 159.056259
v -241.386902 108.000023 154.423447
v -241.386932 133.429703 159.056259
v -241.386902 157.218765 164.954697
v -273.386902 157.218765 164.954666
v -273.386902 179.367233 172.118759
v -241.386932 179.367233 172.118759
v -241.386932 199.875046 180.548447
v -273.386902 199.875046 180.548447
v -273.386902 218.742233 190.243759
v -241.386932 218.742233 190.243759
v -241.386932 235.968796 201.204681
v -273.386902 235.968796 201.204681
v -273.386902 235.968796 201.204681
v -273.386902 251.554733 213.431229
v -241.386932 235.968796 201.204681
v -241.386917 251.554733 213.431244
v -241.386932 265.500061 226.923431
v -273.386902 265.500061 226.923431
v -273.386902 265.500061 226.923431
v -273.386932 277.804749 241.681229
v -241.386932 265.500061 226.923431
v -241.386917 277.804749 241.681229
v -241.386932 288.468811 257.704651
v -273.386932 288.468811 257.704651
v -273.386932 297.492249 274.993744
v -241.386932 297.492249 274.993713
v -241.386917 304.875061 293.548370
v -273.386932 304.875061 293.548401
v -273.386932 310.617249 313.368713
v -241.386917 310.617249 313.368683
v -241.386932 314.718811 334.454651
v -273.386932 314.718811 334.454651
v -273.386902 317.179749 356.806213
v -241.386917 317.179749 356.806213
v -241.386917 318.000061 380.423401
v -273.386932 318.000061 380.423401
v -273.386932 317.179749 404.040588
v -241.386917 318.000061 380.423401
v -241.386932 317.179749 404.040588
v -241.386917 314.718811 426.392151
v -273.386902 314.718811 426.392151
v -273.386902 310.617249 447.478058
v -241.386917 310.617249 447.478058
v -241.386932 304.875061 467.298401
v -273.386902 304.875061 467.298370
v -273.386932 297.492249 485.853088
v -241.386917 297.492249 485.853058
v -241.386917 288.468811 503.142151
v -273.386932 288.468811 503.142151
v -273.386932 277.804749 519.165649
v -241.386902 277.804749 519.165588
v -241.386902 265.500061 533.923462
v -273.386932 265.500061 533.923462
v -273.386932 265.500061 533.923462
v -273.386932 251.554764 547.415649
v -241.386902 265.500061 533.923462
v -241.386902 251.554764 547.415649
v -241.386917 235.968826 559.642212
v -273.386932 235.968826 559.642212
v -506.386902 95.999992 18.423424
v -514.386902 123.999992 18.423422
v -514.386902 95.999992 18.423424
v -506.386902 123.999992 18.423422
v -0.386932 218.742294 570.603149
v -0.386932 235.968857 559.642212
v -32.386932 235.968857 559.642212
v -32.386932 218.742294 570.603149
v -32.386917 199.875107 580.298462
v -0.386932 199.875107 580.298462
v -0.386902 179.367294 588.728088
v -32.386902 179.367294 588.728149
v -32.386902 157.218857 595.892212
v -0.386932 157.218857 595.892212
v -0.386902 133.429794 601.790649
v -32.386902 133.429794 601.790649
v -32.386917 108.000099 606.423401
v -0.386902 108.000099 606.423462
v -0.386932 261.718842 587.142212
v -0.386932 243.179794 599.478088
v -8.386902 261.718842 587.142212
v -8.386902 243.179794 599.478149
v -8.386932 222.875107 610.298462
v -0.386902 222.875107 610.298462
v -0.386902 200.804794 619.603149
v -8.386932 200.804794 619.603149
v -8.386932 176.968857 627.392212
v -0.386932 176.968857 627.392151
v -0.386902 151.367294 633.665649
v -8.386902 151.367294 633.665649
v -8.386902 124.000099 638.423462
v -0.386932 124.000099 638.423401
v -506.386902 124.000000 122.423454
v -514.386902 123.999992 18.423422
v -506.386902 123.999992 18.423422
v -514.386902 124.000000 122.423485
v -506.386902 96.000000 122.423454
v -506.386902 95.999992 18.423424
v -514.386902 95.999992 18.423424
v -514.386841 96.000000 122.423485
v -514.386902 96.000008 154.423462
v -482.386902 96.000000 122.423454
v -482.386902 96.000008 154.423477
v -514.386841 96.000000 122.423485
v -514.386902 123.999992 18.423422
v -514.386902 124.000000 122.423485
v -514.386902 95.999992 18.423424
v -514.386902 96.000008 154.423462
v -514.386902 108.000008 154.423447
v -514.386902 -90.000000 154.423477
v -514.386841 96.000000 122.423485
v -514.386902 96.000008 154.423462
v -514.386902 151.367203 127.181236
v -514.386902 133.429703 159.056244
v -514.386902 108.000008 154.423447
v -514.386902 124.000000 122.423485
v -514.386841 -90.000015 122.423500
v -514.386902 157.218765 164.954697
v -514.386902 200.804703 141.243729
v -514.386902 179.367203 172.118759
v -514.386902 176.968765 133.454697
v -514.386902 199.875015 180.548416
v -514.386902 243.179703 161.368759
v -514.386902 218.742203 190.243729
v -514.386902 222.875015 150.548416
v -514.386902 235.968765 201.204681
v -514.386902 278.492188 187.556259
v -514.386902 251.554703 213.431259
v -514.386902 261.718750 173.704666
v -514.386902 265.500031 226.923416
v -514.386902 306.742218 219.806244
v -514.386902 277.804718 241.681259
v -514.386841 293.500031 202.923416
v -514.386902 288.468781 257.704651
v -514.386902 318.218781 238.204651
v -514.386902 327.929718 258.118713
v -514.386902 297.492218 274.993713
v -514.386902 304.875031 293.548370
v -514.386902 335.875031 279.548401
v -514.386902 342.054718 302.493713
v -514.386963 310.617218 313.368744
v -514.386902 314.718781 334.454651
v -514.386902 346.468781 326.954681
v -514.386902 349.117249 352.931183
v -514.386902 317.179749 356.806213
v -514.386902 318.000061 380.423431
v -514.386963 350.000061 380.423401
v -514.386963 349.117249 407.915619
v -514.386902 318.000061 380.423431
v -514.386963 350.000061 380.423401
v -514.386963 317.179749 404.040619
v -514.386902 314.718811 426.392181
v -514.386902 346.468811 433.892151
v -514.386963 342.054749 458.353088
v -514.386841 310.617249 447.478088
v -514.386902 304.875061 467.298370
v -514.386963 335.875061 481.298401
v -514.386902 327.929749 502.728088
v -514.386902 297.492249 485.853058
v -514.386902 288.468811 503.142151
v -514.386902 318.218811 522.642151
v -514.386841 306.742249 541.040588
v -514.386902 277.804749 519.165588
v -514.386902 265.500061 533.923401
v -514.386902 293.500061 557.923462
v -514.386902 278.492249 573.290588
v -514.386902 251.554764 547.415588
v -514.386902 235.968826 559.642212
v -514.386902 261.718811 587.142151
v -514.386902 243.179764 599.478149
v -514.386902 218.742264 570.603149
v -514.386841 199.875076 580.298401
v -514.386841 222.875076 610.298401
v -514.386841 200.804764 619.603088
v -514.386841 179.367264 588.728088
v -514.386902 157.218826 595.892212
v -514.386902 176.968826 627.392212
v -514.386902 151.367264 633.665649
v -514.386841 133.429764 601.790588
v -514.386902 108.000069 606.423462
v -514.386841 124.000069 638.423462
v -514.386841 96.000069 638.423462
v -514.386902 108.000069 606.423462
v -514.386841 124.000069 638.423462
v -514.386841 96.000076 742.423462
v -514.386841 124.000076 742.423462
v -514.386902 96.000069 606.423462
v -514.386841 -89.999947 638.423462
v -514.386902 96.000069 606.423462
v -514.386841 96.000069 638.423462
v -514.386902 -89.999947 606.423462
v -506.386902 96.000000 122.423454
v -514.386841 96.000000 122.423485
v -514.386841 -90.000015 122.423500
v -482.386902 96.000000 122.423454
v -482.386871 -90.000008 122.423470
v -482.386902 151.367203 127.181267
v -482.386902 124.000000 122.423454
v -482.386902 108.000008 154.423462
v -482.386902 96.000008 154.423477
v -482.386902 108.000008 154.423462
v -482.386902 124.000000 122.423454
v -482.386902 133.429703 159.056244
v -482.386902 157.218765 164.954681
v -482.386902 179.367203 172.118744
v -482.386902 200.804703 141.243744
v -482.386902 96.000000 122.423454
v -482.386902 -66.000000 154.423477
v -482.386902 96.000008 154.423477
v -482.386902 96.000000 122.423454
v -482.386871 -90.000008 122.423470
v -482.386902 -74.000000 154.423477
v -482.386902 176.968765 133.454681
v -482.386902 199.875015 180.548431
v -482.386902 218.742203 190.243744
v -482.386902 243.179703 161.368744
v -482.386902 -90.000000 154.423477
v -482.386902 222.875015 150.548431
v -482.386902 235.968765 201.204681
v -482.386932 251.554703 213.431244
v -482.386902 278.492188 187.556259
v -482.386902 261.718750 173.704681
v -482.386902 265.500031 226.923401
v -482.386902 277.804718 241.681244
v -482.386902 306.742218 219.806213
v -482.386932 293.500031 202.923431
v -482.386902 288.468781 257.704681
v -482.386902 327.929718 258.118744
v -482.386902 318.218781 238.204636
v -482.386902 297.492218 274.993683
v -482.386932 304.875031 293.548401
v -482.386902 342.054718 302.493683
v -482.386902 335.875031 279.548431
v -482.386902 310.617218 313.368713
v -482.386932 314.718811 334.454681
v -482.386932 349.117249 352.931213
v -482.386902 346.468811 326.954651
v -482.386932 317.179749 356.806244
v -482.386902 318.000061 380.423370
v -482.386932 349.117249 407.915588
v -482.386902 350.000061 380.423370
v -482.386902 318.000061 380.423370
v -482.386902 350.000061 380.423370
v -482.386902 317.179749 404.040588
v -482.386902 314.718811 426.392151
v -482.386963 346.468811 433.892181
v -482.386932 342.054749 458.353058
v -482.386932 310.617249 447.478088
v -482.386932 304.875061 467.298401
v -482.386902 335.875061 481.298401
v -482.386902 327.929749 502.728088
v -482.386902 297.492249 485.853088
v -482.386902 288.468811 503.142151
v -482.386902 318.218811 522.642151
v -482.386902 306.742249 541.040649
v -482.386902 277.804749 519.165649
v -482.386871 265.500061 533.923401
v -482.386902 293.500061 557.923401
v -482.386902 278.492249 573.290649
v -482.386902 251.554764 547.415649
v -482.386902 235.968826 559.642151
v -482.386902 261.718811 587.142151
v -482.386902 243.179764 599.478088
v -482.386902 218.742264 570.603088
v -482.386902 199.875076 580.298462
v -482.386902 222.875076 610.298462
v -482.386902 200.804764 619.603088
v -482.386902 179.367264 588.728149
v -482.386902 157.218826 595.892151
v -482.386902 176.968826 627.392151
v -482.386871 151.367264 633.665588
v -482.386902 133.429764 601.790649
v -482.386902 108.000069 606.423401
v -482.386902 124.000069 638.423462
v -482.386902 96.000069 638.423462
v -482.386902 124.000069 638.423462
v -482.386902 108.000069 606.423401
v -482.386902 96.000069 638.423462
v -482.386902 96.000069 606.423401
v -482.386871 -65.999947 606.423462
v -482.386902 96.000069 606.423401
v -482.386871 -73.999947 606.423462
v -482.386902 -89.999947 638.423462
v -482.386871 -89.999947 606.423462
v -0.386902 96.000099 606.423462
v -32.386917 108.000099 606.423401
v -32.386917 96.000099 606.423401
v -0.386902 108.000099 606.423462
v -0.386902 -89.999924 606.423462
v -0.386902 96.000099 606.423462
v -32.386917 96.000099 606.423401
v -32.386902 -89.999924 606.423462
v -514.386902 151.367203 127.181236
v -514.386902 124.000000 122.423485
v -506.386902 124.000000 122.423454
v -506.386902 151.367203 127.181252
v -506.386902 176.968765 133.454697
v -514.386902 176.968765 133.454697
v -514.386902 200.804703 141.243729
v -506.386902 200.804703 141.243744
v -506.386902 222.875015 150.548431
v -514.386902 222.875015 150.548416
v -514.386902 243.179703 161.368759
v -506.386902 243.179703 161.368744
v -506.386902 261.718750 173.704681
v -514.386902 261.718750 173.704666
v -0.386902 96.000099 606.423462
v -32.386917 96.000099 606.423401
v -8.386902 96.000099 638.423462
v -0.386932 96.000099 638.423401
v -32.386932 96.000099 638.423462
v -0.386902 96.000107 742.423462
v -8.386917 96.000107 742.423462
v -0.386902 -89.999916 638.423401
v -8.386902 96.000099 638.423462
v -0.386932 96.000099 638.423401
v -32.386917 -89.999924 638.423462
v -32.386932 96.000099 638.423462
v -482.386902 96.000008 154.423477
v -514.386902 108.000008 154.423447
v -482.386902 108.000008 154.423462
v -514.386902 96.000008 154.423462
v -514.386902 96.000008 154.423462
v -482.386902 96.000008 154.423477
v -482.386902 -66.000000 154.423477
v -482.386902 -74.000000 154.423477
v -514.386902 -90.000000 154.423477
v -482.386902 -90.000000 154.423477
v -514.386902 108.000008 154.423447
v -514.386902 133.429703 159.056244
v -482.386902 108.000008 154.423462
v -482.386902 133.429703 159.056244
v -482.386902 157.218765 164.954681
v -514.386902 157.218765 164.954697
v -514.386902 179.367203 172.118759
v -482.386902 179.367203 172.118744
v -482.386902 199.875015 180.548431
v -514.386902 199.875015 180.548416
v -514.386902 218.742203 190.243729
v -482.386902 218.742203 190.243744
v -482.386902 235.968765 201.204681
v -514.386902 235.968765 201.204681
v -514.386902 278.492188 187.556259
v -514.386902 261.718750 173.704666
v -506.386902 261.718750 173.704681
v -506.386902 278.492188 187.556259
v -514.386902 278.492188 187.556259
v -506.386902 278.492188 187.556259
v -506.386871 293.500031 202.923416
v -514.386841 293.500031 202.923416
v -514.386902 306.742218 219.806244
v -506.386932 306.742218 219.806213
v -506.386902 318.218781 238.204666
v -514.386902 318.218781 238.204651
v -514.386902 327.929718 258.118713
v -506.386902 327.929718 258.118683
v -506.386902 335.875031 279.548370
v -514.386902 335.875031 279.548401
v -514.386902 342.054718 302.493713
v -506.386902 342.054718 302.493713
v -506.386902 346.468781 326.954681
v -514.386902 346.468781 326.954681
v -514.386902 349.117249 352.931183
v -506.386932 349.117249 352.931244
v -506.386902 350.000061 380.423401
v -514.386963 350.000061 380.423401
v -514.386963 349.117249 407.915619
v -506.386932 349.117249 407.915619
v -506.386902 346.468811 433.892120
v -514.386902 346.468811 433.892151
v -514.386963 342.054749 458.353088
v -506.386932 342.054749 458.353088
v -506.386902 335.875061 481.298431
v -514.386963 335.875061 481.298401
v -514.386902 327.929749 502.728088
v -506.386902 327.929749 502.728058
v -506.386902 318.218811 522.642151
v -514.386902 318.218811 522.642151
v -514.386841 306.742249 541.040588
v -506.386871 306.742249 541.040588
v -506.386902 293.500061 557.923462
v -514.386902 293.500061 557.923462
v -514.386902 278.492249 573.290588
v -506.386902 278.492249 573.290588
v -514.386902 278.492249 573.290588
v -506.386902 278.492249 573.290588
v -506.386902 261.718811 587.142151
v -514.386902 261.718811 587.142151
v -514.386902 235.968765 201.204681
v -514.386902 251.554703 213.431259
v -482.386902 235.968765 201.204681
v -482.386932 251.554703 213.431244
v -482.386902 265.500031 226.923401
v -514.386902 265.500031 226.923416
v -514.386902 265.500031 226.923416
v -514.386902 277.804718 241.681259
v -482.386902 265.500031 226.923401
v -482.386902 277.804718 241.681244
v -482.386902 288.468781 257.704681
v -514.386902 288.468781 257.704651
v -514.386902 297.492218 274.993713
v -482.386902 297.492218 274.993683
v -482.386932 304.875031 293.548401
v -514.386902 304.875031 293.548370
v -514.386963 310.617218 313.368744
v -482.386902 310.617218 313.368713
v -482.386932 314.718811 334.454681
v -514.386902 314.718781 334.454651
v -514.386902 317.179749 356.806213
v -482.386932 317.179749 356.806244
v -482.386902 318.000061 380.423370
v -514.386902 318.000061 380.423431
v -514.386963 317.179749 404.040619
v -482.386902 318.000061 380.423370
v -482.386902 317.179749 404.040588
v -482.386902 314.718811 426.392151
v -514.386902 314.718811 426.392181
v -514.386841 310.617249 447.478088
v -482.386932 310.617249 447.478088
v -482.386932 304.875061 467.298401
v -514.386902 304.875061 467.298370
v -514.386902 297.492249 485.853058
v -482.386902 297.492249 485.853088
v -482.386902 288.468811 503.142151
v -514.386902 288.468811 503.142151
v -514.386902 277.804749 519.165588
v -482.386902 277.804749 519.165649
v -482.386871 265.500061 533.923401
v -514.386902 265.500061 533.923401
v -514.386902 265.500061 533.923401
v -514.386902 251.554764 547.415588
v -482.386871 265.500061 533.923401
v -482.386902 251.554764 547.415649
v -482.386902 235.968826 559.642151
v -514.386902 235.968826 559.642212
v -0.386902 124.000107 742.423462
v -8.386902 124.000099 638.423462
v -0.386932 124.000099 638.423401
v -8.386917 124.000107 742.423462
v -0.386902 96.000107 742.423462
v -8.386917 96.000107 742.423462
v -8.386917 124.000107 742.423462
v -0.386902 124.000107 742.423462
v 0.000000 0.000000 0.000000
v -14.142181 0.000095 748.118958
v -14.142151 0.000000 0.000000
v -0.000031 0.000095 748.119019
v -144.386902 -33.999928 622.423462
v -121.386887 -33.999928 622.423462
v -121.386871 -33.999920 678.423462
v -121.386871 -33.999916 686.423462
v -241.386917 -33.999931 622.423462
v -153.386917 -33.999916 686.423462
v -241.386871 -33.999928 638.423462
v -217.386902 -33.999920 686.423462
v -241.386902 -33.999928 678.423462
v -241.386902 -33.999920 686.423462
v -273.386932 235.968826 559.642212
v -273.386932 218.742264 570.603149
v -241.386917 235.968826 559.642212
v -241.386917 218.742264 570.603149
v -241.386932 199.875076 580.298462
v -273.386902 199.875076 580.298462
v -273.386902 179.367264 588.728149
v -241.386902 179.367264 588.728088
v -241.386932 157.218826 595.892212
v -273.386902 157.218826 595.892151
v -273.386902 133.429764 601.790649
v -241.386932 133.429764 601.790649
v -241.386902 108.000084 606.423462
v -273.386902 108.000084 606.423462
v -241.386902 -89.999931 606.423462
v -273.386902 108.000084 606.423462
v -273.386871 -89.999931 606.423462
v -241.386902 108.000084 606.423462
v -514.386902 235.968826 559.642212
v -514.386902 218.742264 570.603149
v -482.386902 235.968826 559.642151
v -482.386902 218.742264 570.603088
v -482.386902 199.875076 580.298462
v -514.386841 199.875076 580.298401
v -514.386841 179.367264 588.728088
v -482.386902 179.367264 588.728149
v -482.386902 157.218826 595.892151
v -514.386902 157.218826 595.892212
v -514.386841 133.429764 601.790588
v -482.386902 133.429764 601.790649
v -482.386902 108.000069 606.423401
v -514.386902 108.000069 606.423462
v -514.386902 243.179764 599.478149
v -514.386902 261.718811 587.142151
v -506.386902 261.718811 587.142151
v -506.386902 243.179764 599.478149
v -506.386902 222.875076 610.298462
v -514.386841 222.875076 610.298401
v -514.386841 200.804764 619.603088
v -506.386902 200.804764 619.603149
v -506.386902 176.968826 627.392212
v -514.386902 176.968826 627.392212
v -514.386902 151.367264 633.665649
v -506.386902 151.367264 633.665588
v -506.386871 124.000069 638.423401
v -514.386841 124.000069 638.423462
v -482.386902 96.000069 606.423401
v -482.386902 108.000069 606.423401
v -514.386902 108.000069 606.423462
v -514.386902 96.000069 606.423462
v -482.386871 -65.999947 606.423462
v -482.386902 96.000069 606.423401
v -514.386902 96.000069 606.423462
v -514.386902 -89.999947 606.423462
v -482.386871 -73.999947 606.423462
v -482.386871 -89.999947 606.423462
v -482.386902 96.000069 606.423401
v -514.386902 96.000069 606.423462
v -506.386871 96.000069 638.423401
v -482.386902 96.000069 638.423462
v -514.386841 96.000069 638.423462
v -506.386871 96.000076 742.423462
v -506.386871 96.000069 638.423401
v -514.386841 96.000069 638.423462
v -514.386841 96.000076 742.423462
v -482.386902 -89.999947 638.423462
v -506.386871 96.000069 638.423401
v -482.386902 96.000069 638.423462
v -514.386841 -89.999947 638.423462
v -514.386841 96.000069 638.423462
v -506.386871 124.000076 742.423462
v -514.386841 124.000069 638.423462
v -506.386871 124.000069 638.423401
v -514.386841 124.000076 742.423462
v -506.386871 96.000076 742.423462
v -514.386841 124.000076 742.423462
v -506.386871 124.000076 742.423462
v -514.386841 96.000076 742.423462
v -8.386932 350.000031 70.423409
v -8.386932 350.000031 66.423409
v -8.386917 299.777802 91.312263
v -8.386917 350.000031 78.423378
v -8.386932 350.000031 18.423405
v -8.386902 124.000023 18.423452
v -8.386902 124.000031 122.423424
v -8.386917 350.000031 142.423386
v -8.386932 350.000031 150.423401
v -8.386902 350.000031 154.423370
v -8.386993 151.367233 127.181236
v -8.386993 350.000031 154.423370
v -8.387024 124.000031 122.423424
v -8.386993 243.179733 161.368729
v -8.386993 222.875046 150.548416
v -8.386993 261.718781 173.704666
v -8.387024 278.492218 187.556229
v -8.386993 293.500061 202.923386
v -8.387024 306.742249 219.806213
v -8.387009 318.218811 238.204636
v -8.386993 327.929749 258.118713
v -8.387024 335.875061 279.548431
v -8.387024 342.054749 302.493713
v -8.387024 346.468811 326.954651
v -8.387024 349.117249 352.931213
v -8.387024 350.000061 380.423401
v -8.387024 349.117249 407.915619
v -8.387009 350.000122 606.423462
v -8.387024 350.000061 380.423401
v -8.386993 200.804733 141.243729
v -8.386993 176.968796 133.454666
v -8.387024 346.468842 433.892151
v -8.387024 342.054779 458.353088
v -8.387039 335.875092 481.298401
v -8.387024 327.929779 502.728119
v -8.387024 318.218842 522.642212
v -8.387024 306.742279 541.040588
v -8.386993 293.500092 557.923462
v -8.387024 278.492279 573.290588
v -8.386993 261.718842 587.142212
v -8.387024 243.179794 599.478088
v -8.387009 222.875107 610.298462
v -8.387009 200.804794 619.603149
v -8.387009 176.968857 627.392212
v -8.387009 151.367294 633.665649
v -8.386993 124.000099 638.423462
v -8.386917 350.000122 606.423462
v -8.386902 124.000099 638.423462
v -8.386948 299.777893 669.534546
v -8.386917 124.000107 742.423462
v -8.386932 350.000122 610.423401
v -8.386932 350.000122 742.423462
v -8.386932 350.000122 618.423401
v -8.386917 350.000122 682.423462
v -8.386948 350.000122 690.423401
v -8.386917 350.000122 694.423462
v -8.386887 -89.999985 122.423439
v -8.386902 96.000031 122.423424
v -8.386902 96.000023 18.423454
v -8.386902 -90.000000 18.423470
v -32.386887 -89.999985 138.423447
v -144.386902 -33.999989 138.423462
v -32.386887 -33.999981 138.423447
v -273.386932 558.000061 138.423401
v -482.386902 -90.000008 138.423462
v -273.386902 122.000015 138.423462
v -32.386917 558.000061 138.423370
v -393.386932 558.000061 138.423401
v -273.386902 -33.999996 138.423492
v -393.386902 122.000015 138.423447
v -482.386932 558.000061 138.423370
v -482.386902 -34.000008 138.423462
v -393.386902 -34.000000 138.423477
v -482.386902 -66.000008 138.423462
v -370.386902 -34.000000 138.423477
v -482.386902 -74.000008 138.423462
v -297.386902 122.000015 66.423454
v -297.386902 122.000015 82.423454
v -297.386902 78.000000 82.423454
v -297.386902 -34.000008 66.423462
v -297.386902 -34.000004 82.423492
v -297.386902 78.000000 82.423454
v -297.386902 122.000015 82.423454
v -273.386902 122.000015 82.423454
v -297.386902 -34.000004 82.423492
v -273.386902 -34.000000 82.423462
v -361.386902 122.000015 82.423454
v -361.386902 78.000000 82.423454
v -393.386902 122.000000 82.423454
v -393.386902 -34.000008 82.423462
v -361.386902 -34.000008 82.423462
v -297.386902 122.000015 82.423454
v -273.386902 122.000015 122.423454
v -273.386902 122.000015 82.423454
v -361.386902 122.000015 82.423454
v -273.386902 122.000015 138.423462
v -393.386902 122.000000 82.423454
v -393.386902 122.000015 138.423447
v -273.386902 -34.000000 122.423462
v -273.386902 122.000015 82.423454
v -273.386902 122.000015 122.423454
v -273.386902 -34.000000 82.423462
v -297.386902 78.000000 82.423454
v -297.386902 78.000000 66.423454
v -361.386902 78.000000 66.423454
v -361.386902 78.000000 82.423454
v -361.386902 78.000000 82.423454
v -361.386902 122.000015 82.423454
v -361.386902 122.000015 66.423454
v -361.386902 -34.000008 82.423462
v -361.386902 -34.000011 66.423462
v -8.386902 124.000023 18.423452
v -506.386902 350.000000 18.423405
v -506.386902 123.999992 18.423422
v -8.386932 350.000031 18.423405
v -8.386902 96.000023 18.423454
v -506.386902 95.999992 18.423424
v -8.386902 -90.000000 18.423470
v -506.386902 -90.000023 18.423470
v -393.386902 -34.000000 138.423477
v -393.386902 122.000000 82.423454
v -393.386902 -34.000008 82.423462
v -393.386902 122.000015 138.423447
v -506.386902 350.000000 18.423405
v -506.386902 350.000000 66.423409
v -506.386902 299.777771 91.312294
v -506.386902 350.000000 70.423439
v -506.386902 350.000000 78.423409
v -506.386902 123.999992 18.423422
v -506.386902 124.000000 122.423454
v -506.386902 350.000000 142.423416
v -506.386902 350.000000 150.423416
v -506.386902 350.000000 154.423416
v -506.386810 350.000000 154.423416
v -506.386810 243.179703 161.368744
v -506.386810 222.875015 150.548416
v -506.386810 200.804703 141.243729
v -506.386810 176.968765 133.454697
v -506.386810 151.367203 127.181236
v -506.386841 124.000000 122.423454
v -506.386841 261.718750 173.704681
v -506.386810 278.492188 187.556259
v -506.386780 293.500031 202.923416
v -506.386841 306.742218 219.806213
v -506.386841 318.218781 238.204651
v -506.386810 327.929718 258.118713
v -506.386810 335.875031 279.548401
v -506.386810 342.054718 302.493713
v -506.386810 346.468781 326.954681
v -506.386841 349.117249 352.931244
v -506.386810 350.000061 380.423401
v -506.386841 350.000092 606.423401
v -506.386841 349.117249 407.915619
v -506.386810 350.000061 380.423401
v -506.386810 346.468811 433.892151
v -506.386841 342.054749 458.353088
v -506.386841 335.875061 481.298401
v -506.386810 327.929749 502.728088
v -506.386780 318.218811 522.642151
v -506.386780 306.742249 541.040588
v -506.386841 293.500061 557.923401
v -506.386780 278.492249 573.290588
v -506.386810 261.718811 587.142212
v -506.386810 243.179764 599.478149
v -506.386780 222.875076 610.298401
v -506.386780 200.804764 619.603088
v -506.386841 176.968826 627.392151
v -506.386810 151.367264 633.665588
v -506.386780 124.000069 638.423401
v -506.386871 124.000069 638.423401
v -506.386902 350.000092 606.423401
v -506.386932 299.777863 669.534546
v -506.386871 124.000076 742.423462
v -506.386902 350.000092 742.423401
v -506.386902 350.000092 610.423401
v -506.386902 350.000092 618.423401
v -506.386902 350.000092 682.423401
v -506.386902 350.000092 690.423401
v -506.386932 350.000092 694.423462
v -32.386902 124.000031 122.423424
v -482.386780 124.000000 122.423454
v -32.386932 151.367233 127.181236
v -482.386810 151.367203 127.181267
v -482.386841 176.968765 133.454681
v -32.386902 176.968796 133.454666
v -32.386902 200.804733 141.243729
v -482.386841 200.804703 141.243744
v -482.386841 222.875015 150.548431
v -32.386902 222.875046 150.548416
v -32.386902 243.179733 161.368729
v -482.386841 243.179703 161.368744
v -482.386841 261.718750 173.704651
v -32.386917 261.718781 173.704681
v -506.386902 -90.000015 122.423470
v -506.386902 -90.000023 18.423470
v -506.386902 95.999992 18.423424
v -506.386902 96.000000 122.423454
v -32.386917 261.718781 173.704681
v -482.386841 261.718750 173.704651
v -32.386902 278.492218 187.556229
v -482.386841 278.492188 187.556229
v -32.386902 278.492218 187.556229
v -482.386841 278.492188 187.556229
v -482.386841 293.500031 202.923416
v -32.386917 293.500061 202.923401
v -32.386902 306.742249 219.806183
v -482.386841 306.742218 219.806213
v -482.386841 318.218781 238.204681
v -32.386932 318.218811 238.204651
v -32.386932 327.929749 258.118713
v -482.386871 327.929718 258.118713
v -482.386841 335.875031 279.548401
v -32.386917 335.875061 279.548431
v -32.386963 342.054749 302.493713
v -482.386871 342.054718 302.493713
v -482.386871 346.468811 326.954681
v -32.386932 346.468811 326.954651
v -32.386932 349.117249 352.931213
v -482.386902 349.117249 352.931244
v -482.386902 350.000061 380.423370
v -32.386932 350.000061 380.423401
v -482.386810 350.000061 380.423401
v -482.386841 349.117249 407.915619
v -32.386932 349.117249 407.915588
v -32.386932 346.468811 433.892181
v -482.386810 346.468811 433.892120
v -482.386841 342.054749 458.353058
v -32.386932 342.054779 458.353058
v -32.386932 335.875092 481.298401
v -482.386810 335.875061 481.298401
v -482.386810 327.929749 502.728088
v -32.386932 327.929779 502.728088
v -32.386932 318.218842 522.642151
v -482.386780 318.218811 522.642151
v -482.386810 306.742249 541.040649
v -32.386917 306.742279 541.040649
v -32.386902 293.500092 557.923462
v -482.386810 293.500061 557.923401
v -482.386780 278.492249 573.290588
v -32.386917 278.492279 573.290588
v -32.386932 261.718842 587.142212
v -32.386917 278.492279 573.290588
v -482.386780 278.492249 573.290588
v -482.386780 261.718811 587.142151
v -110.386932 -33.999928 622.423462
v -32.386902 -89.999924 622.423462
v -32.386902 -33.999920 622.423462
v -121.386902 122.000084 622.423462
v -121.386917 558.000122 622.423340
v -121.386887 -33.999928 622.423462
v -241.386963 558.000122 622.423401
v -482.386902 -89.999947 622.423462
v -32.386932 558.000122 622.423340
v -241.386932 122.000084 622.423462
v -370.386902 -33.999939 622.423462
v -241.386917 -33.999931 622.423462
v -482.386902 -33.999947 622.423462
v -482.386902 -65.999947 622.423462
v -482.386902 -73.999947 622.423462
v -144.386902 -33.999928 622.423462
v -482.386932 558.000122 622.423340
v -8.386902 -89.999908 742.423462
v -8.386917 96.000107 742.423462
v -8.386902 96.000099 638.423462
v -8.386887 -89.999916 638.423462
v -121.386871 -33.999920 678.423462
v -121.386902 122.000084 622.423462
v -121.386871 122.000107 678.423462
v -121.386887 -33.999928 622.423462
v -121.386902 122.000084 622.423462
v -153.386902 122.000092 678.423462
v -121.386871 122.000107 678.423462
v -241.386932 122.000084 622.423462
v -217.386902 122.000092 678.423462
v -241.386887 122.000084 638.423462
v -241.386917 122.000092 678.423462
v -121.386871 122.000107 678.423462
v -153.386902 122.000092 678.423462
v -153.386902 78.000076 678.423462
v -121.386871 -33.999920 678.423462
v -153.386902 -33.999920 678.423462
v -217.386902 122.000092 678.423462
v -217.386902 78.000076 678.423462
v -241.386917 122.000092 678.423462
v -217.386887 -33.999924 678.423462
v -241.386902 -33.999928 678.423462
v -153.386902 78.000076 678.423462
v -153.386902 122.000092 678.423462
v -153.386932 122.000092 694.423462
v -153.386902 -33.999920 678.423462
v -153.386917 -33.999916 694.423462
v -153.386932 78.000076 694.423462
v -153.386902 78.000076 678.423462
v -217.386902 78.000076 678.423462
v -217.386917 78.000076 694.423462
v -217.386917 122.000092 694.423462
v -217.386902 122.000092 678.423462
v -217.386902 78.000076 678.423462
v -217.386902 -33.999920 694.423462
v -217.386887 -33.999924 678.423462
v -241.386902 -33.999928 678.423462
v -241.386887 122.000084 638.423462
v -241.386871 -33.999928 638.423462
v -241.386917 122.000092 678.423462
v -482.386780 261.718811 587.142151
v -482.386780 243.179764 599.478088
v -32.386932 261.718842 587.142212
v -32.386902 243.179794 599.478149
v -32.386917 222.875107 610.298462
v -482.386810 222.875076 610.298462
v -482.386810 200.804764 619.603149
v -32.386902 200.804794 619.603149
v -32.386902 176.968857 627.392212
v -482.386780 176.968826 627.392151
v -482.386780 151.367264 633.665588
v -32.386932 151.367294 633.665649
v -32.386932 124.000099 638.423462
v -482.386810 124.000069 638.423462
v -506.386871 -89.999931 742.423462
v -506.386841 -89.999947 638.423401
v -506.386871 96.000069 638.423401
v -506.386871 96.000076 742.423462
v -506.386871 124.000076 742.423462
v -8.386932 350.000122 742.423462
v -8.386917 124.000107 742.423462
v -506.386902 350.000092 742.423401
v -506.386871 96.000076 742.423462
v -8.386917 96.000107 742.423462
v -506.386871 -89.999931 742.423462
v -8.386902 -89.999908 742.423462
vn -0.0000 -0.0000 -1.0000
vn -1.0000 -0.0000 -0.0000
vn 1.0000 -0.0000 -0.0000
vn -0.0000 -0.0000 1.0000
vn -0.0000 1.0000 -0.0000
vn -0.0000 -1.0000 -0.0000
vn 0.4472 0.8944 -0.0000
vn -0.4472 0.8944 -0.0000
vn 1.0000 -0.0000 0.0001
vn -0.0000 -0.9312 -0.3644
vn -0.0000 0.3714 -0.9285
vn -0.0000 0.3714 0.9285
vn -0.0000 -0.3714 -0.9285
vn -0.0000 -0.3714 0.9285
vn -1.0000 -0.0001 -0.0000
vn -0.0000 -0.8222 -0.5692
vn -0.0000 0.5651 0.8250
vn -0.0000 0.5647 0.8253
vn -0.0000 0.9312 0.3644
vn -0.0000 0.5651 -0.8250
vn -0.0000 0.5647 -0.8253
vn -0.0000 0.5649 -0.8252
vn -0.0000 0.9312 -0.3644
vn -0.0000 -0.8222 0.5692
vn 0.0001 -0.0000 1.0000
vn -0.0000 -0.9312 0.3644
vn -0.0000 -0.4472 -0.8944
vn 0.8944 -0.4472 -0.0000
vn 0.7071 -0.7071 -0.0000
vn 0.7071 -0.0000 0.7071
vn -0.7071 -0.0000 -0.7071
vn 0.4472 -0.8944 -0.0000
vn -0.0000 -0.1951 0.9808
vn -0.0000 -0.3827 0.9239
vn -0.0000 -0.5555 0.8315
vn -0.0000 -0.7072 0.7070
vn -0.0000 -0.8315 0.5556
vn -0.0000 -0.9239 0.3827
vn -0.0000 -0.5556 0.8314
vn -0.0000 -0.7070 0.7072
vn -0.0000 -0.9808 0.1951
vn -0.0000 -0.9808 -0.1951
vn -0.0000 -0.9239 -0.3827
vn -0.0000 -0.8315 -0.5556
vn -0.0000 -0.7072 -0.7070
vn -0.0000 -0.7070 -0.7072
vn -0.0000 -0.5556 -0.8314
vn -0.7071 -0.0000 0.7071
vn -0.0000 -0.1951 -0.9808
vn -0.0000 -0.3827 -0.9239
vn -0.0000 -0.5555 -0.8315
vn -0.0000 -0.4472 0.8944
vn 0.8321 0.5547 -0.0000
vn 0.8320 0.5547 -0.0000
vn -0.4472 -0.8944 -0.0000
vn -0.8944 -0.4472 -0.0000
vn 0.7071 -0.0000 -0.7071
vn -0.7071 -0.7071 -0.0000
vn -0.0000 -0.7071 -0.7071
vn -0.0002 0.0002 1.0000
vn 0.0001 -1.0000 -0.0000
vn -0.0000 -0.8315 0.5555
vn -0.0000 -0.5556 0.8315
vn -0.0000 -0.7071 0.7071
vn -0.0000 0.2280 -0.9737
vn -0.0000 0.3140 -0.9494
vn -0.0000 0.1402 -0.9901
vn -0.0000 0.3975 -0.9176
vn -0.0000 0.4778 -0.8785
vn -0.0000 0.5543 -0.8323
vn -0.0000 0.6264 -0.7795
vn -0.0000 -0.2376 0.9714
vn -0.0000 -0.3228 0.9465
vn -0.0000 -0.2377 0.9713
vn -0.0000 -0.1507 0.9886
vn -0.0000 -0.4054 0.9141
vn -0.0000 -0.4054 0.9142
vn -0.0000 -0.4848 0.8746
vn -0.0000 -0.5604 0.8283
vn -0.0000 -0.5603 0.8283
vn -0.0000 -0.6315 0.7754
vn -0.0000 0.6935 -0.7204
vn -0.0000 0.7550 -0.6557
vn -0.0000 0.7551 -0.6556
vn -0.0000 0.8106 -0.5857
vn -0.0000 0.6935 -0.7205
vn -0.0000 0.8596 -0.5110
vn -0.0000 0.9018 -0.4322
vn -0.0000 0.9368 -0.3499
vn -0.0000 0.9643 -0.2649
vn -0.0000 0.9841 -0.1778
vn -0.0000 0.9960 -0.0893
vn -0.0000 0.9960 0.0893
vn -0.0000 0.9841 0.1778
vn -0.0000 0.9643 0.2649
vn -0.0000 0.9368 0.3499
vn -0.0000 0.9018 0.4322
vn -0.0000 0.8596 0.5110
vn -0.0000 0.8106 0.5857
vn -0.0000 0.7550 0.6557
vn -0.0000 0.6935 0.7204
vn -0.0000 0.6935 0.7205
vn -0.0000 0.6264 0.7795
vn -0.0000 -0.6978 0.7163
vn -0.0000 -0.6316 0.7753
vn -0.0000 -0.7585 0.6517
vn -0.0000 -0.7584 0.6518
vn -0.0000 -0.8133 0.5819
vn -0.0000 -0.8616 0.5076
vn -0.0000 -0.9032 0.4292
vn -0.0000 -0.9377 0.3475
vn -0.0000 -0.9648 0.2630
vn -0.0000 -0.9843 0.1765
vn -0.0000 -0.9961 0.0886
vn -0.0000 -0.9961 -0.0886
vn -0.0000 -0.9843 -0.1765
vn -0.0000 -0.9648 -0.2630
vn -0.0000 -0.9377 -0.3475
vn -0.0000 -0.9032 -0.4292
vn -0.0000 -0.8616 -0.5076
vn -0.0000 -0.8616 -0.5077
vn -0.0000 -0.8133 -0.5819
vn -0.0000 -0.7585 -0.6517
vn -0.0000 -0.6978 -0.7163
vn -0.0000 -0.6316 -0.7753
vn -0.0000 -0.5604 -0.8283
vn -0.0000 -0.4848 -0.8746
vn -0.0001 -0.5603 -0.8283
vn -0.0000 -0.6315 -0.7754
vn -0.0000 -0.4054 -0.9141
vn -0.0000 -0.4054 -0.9142
vn -0.0000 -0.3228 -0.9465
vn -0.0000 -0.2376 -0.9714
vn -0.0000 -0.1506 -0.9886
vn -0.0000 -0.1507 -0.9886
vn -0.0000 0.5543 0.8323
vn -0.0000 0.4778 0.8785
vn -0.0000 0.3975 0.9176
vn -0.0000 0.3140 0.9494
vn -0.0000 0.2280 0.9737
vn -0.0000 0.1402 0.9901
vn -0.0000 0.4778 -0.8784
vn -0.0000 0.8596 -0.5109
vn 0.0001 0.9841 -0.1778
vn -0.0000 0.9368 0.3500
vn -0.0000 0.8596 0.5109
vn -0.0000 -0.8615 0.5077
vn -0.0000 -0.7584 -0.6518
vn -0.0000 -0.5603 -0.8283
vn -0.0000 -0.2377 -0.9713
vn 0.0001 -0.4848 -0.8746
vn -0.0000 -0.2280 0.9737
vn -0.0000 -0.3140 0.9494
vn -0.0000 -0.1402 0.9901
vn -0.0000 -0.3975 0.9176
vn -0.0000 -0.4778 0.8785
vn -0.0000 -0.5543 0.8323
vn -0.0000 -0.6264 0.7795
vn -0.0000 -0.6935 0.7204
vn -0.0000 -0.7550 0.6557
vn -0.0000 -0.8106 0.5857
vn -0.0000 -0.6935 0.7205
vn -0.0000 -0.8105 0.5857
vn -0.0000 -0.8596 0.5110
vn -0.0000 -0.8596 0.5109
vn -0.0000 -0.9018 0.4322
vn -0.0000 -0.9368 0.3499
vn -0.0000 -0.9368 0.3500
vn -0.0000 -0.9642 0.2650
vn -0.0000 -0.9643 0.2649
vn -0.0000 -0.9841 0.1778
vn -0.0000 -0.9960 0.0892
vn -0.0000 -0.9960 0.0893
vn -0.0000 -0.9960 -0.0892
vn -0.0000 -0.9960 -0.0893
vn -0.0000 -0.9841 -0.1778
vn -0.0000 -0.9643 -0.2650
vn -0.0000 -0.9643 -0.2649
vn -0.0000 -0.9368 -0.3499
vn -0.0000 -0.9368 -0.3500
vn -0.0000 -0.9018 -0.4322
vn -0.0000 -0.8596 -0.5110
vn -0.0000 -0.8596 -0.5109
vn -0.0000 -0.8106 -0.5857
vn -0.0000 -0.8106 -0.5856
vn -0.0000 -0.7550 -0.6557
vn -0.0000 -0.6935 -0.7204
vn -0.0000 -0.6264 -0.7795
vn -0.0000 -0.6935 -0.7205
vn -0.0000 -0.5543 -0.8323
vn -0.0000 -0.4778 -0.8785
vn -0.0000 -0.3975 -0.9176
vn -0.0000 -0.3140 -0.9494
vn -0.0000 -0.2280 -0.9737
vn -0.0000 -0.1402 -0.9901
vt -0.007813 0.062500
vt 0.242188 0.062500
vt 0.242188 0.750000
vt -0.007813 0.750000
vt -0.281250 0.062500
vt -0.281250 0.750000
vt 0.281250 0.750000
vt 0.281250 0.062500
vt 0.281250 0.054687
vt -0.281250 0.742187
vt 0.281250 0.742187
vt -0.281250 0.054687
vt 0.281250 0.054688
vt -0.281250 0.054688
vt -0.281250 0.742188
vt 0.281250 0.742188
vt -0.010417 0.003472
vt 0.989583 0.003472
vt 0.989583 1.003472
vt -0.010417 1.003472
vt 0.000000 0.003472
vt 1.000000 0.003472
vt 1.000000 1.003472
vt 0.000000 1.003472
vt -0.013021 0.003472
vt 0.986979 1.003472
vt -0.013021 1.003472
vt 0.986979 0.003472
vt 0.994792 0.003472
vt -0.005208 1.003472
vt -0.005208 0.003472
vt 0.994792 1.003472
vt 0.997396 0.003472
vt -0.002604 1.003472
vt -0.002604 0.003472
vt 0.997396 1.003472
vt -3.000000 1.177167
vt -3.000000 1.693296
vt -3.625000 1.693296
vt -3.625000 1.177167
vt 4.000000 0.001764
vt 5.000000 1.001764
vt 4.000000 1.001764
vt 5.000000 0.001764
vt 0.500000 0.003472
vt 0.625000 1.003472
vt 0.500000 1.003472
vt 0.625000 0.003472
vt 0.335938 0.239583
vt 1.002604 0.281250
vt 1.002604 0.239583
vt 0.002604 0.239583
vt 0.002604 0.281250
vt 0.002604 0.003472
vt 1.002604 0.003472
vt 1.002604 1.003472
vt 0.002604 1.003472
vt 0.669271 0.239583
vt 0.750000 0.002604
vt 1.000000 0.752604
vt 1.000000 0.002604
vt 0.750000 0.752604
vt 0.250000 0.002604
vt 0.250000 0.752604
vt 0.333333 0.239583
vt 1.000000 0.281250
vt 1.000000 0.239583
vt 0.000000 0.239583
vt 0.000000 0.281250
vt 0.666667 0.239583
vt 0.322917 0.239583
vt 0.989583 0.281250
vt 0.989583 0.239583
vt -0.010417 0.239583
vt -0.010417 0.281250
vt 0.656250 0.239583
vt 1.000000 -1.309980
vt 0.375000 -1.309980
vt 0.375000 -1.826109
vt 1.000000 -1.826109
vt 1.000000 1.001764
vt 1.000000 2.001764
vt 0.000000 2.001764
vt 0.000000 1.001764
vt 1.000000 -1.830015
vt 1.000000 -1.313886
vt 0.375000 -1.313886
vt 0.375000 -1.830015
vt -0.002604 0.281250
vt 0.664062 0.239583
vt -0.002604 0.239583
vt 0.997396 0.281250
vt 0.997396 0.239583
vt 0.330729 0.239583
vt -3.000000 1.697203
vt -3.625000 1.697203
vt -3.625000 1.181074
vt -3.000000 1.181074
vt -1.890625 -0.054688
vt 3.828125 -0.054688
vt 3.828125 1.382813
vt -1.890625 1.382813
vt 2.890625 1.378906
vt -2.828125 1.378906
vt -2.828125 -0.058594
vt 2.890625 -0.058594
vt 0.171875 0.527344
vt 0.546875 -0.003906
vt 0.171875 -0.003906
vt 0.578125 0.527344
vt 0.171875 0.964844
vt 0.578125 -0.003906
vt 0.578125 0.964844
vt -1.250000 0.527344
vt -1.125000 0.964844
vt -1.125000 0.527344
vt -1.796875 -0.003906
vt -1.796875 0.964844
vt -1.796875 0.527344
vt -1.765625 -0.003906
vt -0.710069 0.409288
vt -1.062500 0.527344
vt -0.687500 0.527344
vt -0.625000 0.527344
vt -0.500000 0.527344
vt -0.375000 0.527344
vt -0.250000 0.527344
vt 0.000000 -0.003906
vt -0.250000 0.964844
vt -0.625000 0.964844
vt 0.250000 0.527344
vt 0.710069 0.409288
vt 1.765625 -0.003906
vt 0.375000 0.527344
vt 0.250000 0.964844
vt 0.500000 0.527344
vt 0.625000 0.964844
vt 0.625000 0.527344
vt 0.687500 0.527344
vt 1.062500 0.527344
vt 1.125000 0.527344
vt 1.250000 0.527344
vt 1.796875 0.527344
vt 1.796875 -0.003906
vt 1.796875 0.964844
vt 1.125000 0.964844
vt 0.187500 0.531250
vt 0.000000 0.000000
vt -0.187500 0.531250
vt -0.250000 0.531250
vt 0.250000 0.531250
vt -1.945313 0.531250
vt 1.945313 0.968750
vt -1.945313 0.968750
vt 1.945313 0.531250
vt -1.945313 0.000000
vt 1.945313 0.000000
vt 0.453125 0.000000
vt 0.828125 0.531250
vt 0.828125 0.000000
vt 0.421875 0.000000
vt 0.421875 0.531250
vt 0.828125 0.968750
vt 0.421875 0.968750
vt 0.421875 0.527344
vt 0.453125 -0.003906
vt 0.421875 -0.003906
vt 0.828125 0.527344
vt 0.421875 0.964844
vt 0.828125 -0.003906
vt 0.828125 0.964844
vt 1.250000 0.531250
vt 1.125000 0.531250
vt 1.796875 0.968750
vt 1.765625 0.000000
vt 1.796875 0.531250
vt 1.796875 0.000000
vt 0.710069 0.413194
vt 1.125000 0.968750
vt 1.062500 0.531250
vt 0.687500 0.531250
vt 0.625000 0.531250
vt 0.500000 0.531250
vt 0.375000 0.531250
vt 0.250000 0.968750
vt -0.710069 0.413194
vt -1.765625 0.000000
vt 0.625000 0.968750
vt -0.375000 0.531250
vt -1.125000 0.531250
vt -1.250000 0.531250
vt -1.796875 0.000000
vt -1.796875 0.531250
vt -0.250000 0.968750
vt -0.625000 0.968750
vt -0.500000 0.531250
vt -1.062500 0.531250
vt -1.125000 0.968750
vt -1.796875 0.968750
vt -0.625000 0.531250
vt -0.687500 0.531250
vt 0.546875 0.000000
vt 0.578125 0.531250
vt 0.578125 0.000000
vt 0.171875 0.000000
vt 0.171875 0.531250
vt 0.578125 0.968750
vt 0.171875 0.968750
vt -1.692383 0.823242
vt -1.687500 1.062500
vt -1.707031 0.886719
vt -1.687500 0.750000
vt -1.731445 0.940430
vt -1.546875 0.339844
vt -1.546875 0.027344
vt -1.953125 0.621094
vt -1.546875 -0.035156
vt -1.765625 0.984375
vt -1.809570 1.018555
vt -1.863281 1.042969
vt -1.926758 1.057617
vt -1.234375 0.339844
vt -2.000000 1.062500
vt -0.921875 0.339844
vt -0.921875 0.621094
vt -1.953125 -0.035156
vt -0.250000 0.152344
vt -0.921875 0.027344
vt -0.250000 0.089844
vt -0.250000 -0.035156
vt -0.921875 -0.035156
vt 0.437500 0.621094
vt 0.250000 0.152344
vt 0.625000 0.156250
vt 0.250000 0.156250
vt 0.437500 0.625000
vt 0.625000 0.093750
vt 0.250000 0.093750
vt 0.625000 -0.031250
vt 1.312500 0.625000
vt 0.250000 -0.031250
vt 1.125000 0.156250
vt 1.500000 0.156250
vt 1.500000 0.093750
vt 1.125000 0.093750
vt 1.500000 -0.031250
vt 1.125000 -0.031250
vt 2.671875 0.621094
vt 1.500000 0.152344
vt 1.312500 0.621094
vt 2.671875 0.339844
vt 3.703125 0.621094
vt 2.000000 0.152344
vt 2.671875 0.027344
vt 2.000000 0.089844
vt 2.671875 -0.035156
vt 2.984375 0.339844
vt 3.296875 0.339844
vt 2.000000 -0.035156
vt 3.697616 0.613042
vt 3.296875 0.027344
vt 3.697266 0.613281
vt 3.703125 0.620117
vt 3.703125 -0.035156
vt 3.296875 -0.035156
vt 0.765625 0.226563
vt 0.046875 0.039063
vt 0.046875 0.226563
vt 0.765625 0.039063
vt -0.539063 1.703125
vt -1.757813 1.000000
vt 0.539063 1.703125
vt -1.945313 1.000000
vt -1.945313 0.625000
vt 0.277902 0.437361
vt -1.757813 0.625000
vt 1.757813 1.000000
vt -1.945313 -0.031250
vt 1.757813 0.625000
vt 1.945313 1.000000
vt 1.945313 0.625000
vt 1.945313 0.624023
vt 1.945313 -0.031250
vt 0.820313 0.621094
vt 0.820313 0.152344
vt 0.632813 0.152344
vt 0.632813 0.621094
vt 3.703125 -0.031250
vt 3.296875 -0.031250
vt 3.697266 0.617188
vt 3.703125 0.624023
vt 3.296875 0.031250
vt 3.697616 0.616948
vt 3.296875 0.343750
vt 3.703125 0.625000
vt 2.984375 0.343750
vt 2.671875 0.343750
vt 2.671875 0.625000
vt 2.000000 0.156250
vt 2.671875 0.031250
vt 2.000000 0.093750
vt 2.671875 -0.031250
vt 2.000000 -0.031250
vt -0.250000 0.156250
vt -0.921875 0.343750
vt -0.921875 0.031250
vt -0.250000 0.093750
vt -0.250000 -0.031250
vt -0.921875 0.625000
vt -1.953125 0.625000
vt -1.234375 0.343750
vt -1.546875 0.343750
vt -1.546875 0.031250
vt -1.953125 -0.031250
vt -0.921875 -0.031250
vt -1.546875 -0.031250
vt 0.296875 0.039063
vt 0.703125 0.226563
vt 0.703125 0.039063
vt 0.296875 0.226563
vt 0.632813 0.031250
vt 0.632813 0.617188
vt 0.820313 0.617188
vt 0.820313 0.031250
vt -0.015625 0.039063
vt -0.015625 0.226563
vt 0.703125 0.226562
vt 0.703125 0.039062
vt -0.277902 0.437361
vt -1.945313 0.624023
vt -1.945313 -0.281250
vt -1.882813 -0.218750
vt -1.945313 -0.218750
vt -0.507813 0.468750
vt -1.882813 -0.281250
vt -0.507813 0.500000
vt 2.003906 -0.281250
vt 0.628906 0.468750
vt 2.003906 -0.218750
vt 0.597656 0.421875
vt -0.445313 0.500000
vt -0.480469 0.421875
vt 0.566406 0.500000
vt -0.511719 0.468750
vt -0.449219 0.500000
vt -1.886719 -0.218750
vt -1.886719 -0.281250
vt 2.007813 -0.281250
vt 2.070313 -0.218750
vt 2.007813 -0.218750
vt 2.070313 -0.281250
vt 0.632813 0.468750
vt 0.632813 0.500000
vt 0.570313 0.500000
vt 1.164063 0.968750
vt 1.132813 0.906250
vt 1.070313 0.906250
vt 0.820313 0.968750
vt 0.820313 0.906250
vt 0.101563 -0.031250
vt 0.039063 0.312500
vt 0.101563 0.312500
vt 0.039063 -0.031250
vt 0.500000 0.968750
vt 0.593750 0.906250
vt 0.531250 0.906250
vt 1.156250 0.906250
vt 1.250000 0.968750
vt 1.218750 0.906250
vt 0.250000 -0.035156
vt 0.187500 0.308594
vt 0.250000 0.308594
vt 0.187500 -0.035156
vt 0.500000 0.964844
vt 0.593750 0.902344
vt 0.531250 0.902344
vt 1.156250 0.902344
vt 1.250000 0.964844
vt 1.218750 0.902344
vt 0.531250 0.871094
vt 0.468750 0.871094
vt 0.468750 0.902344
vt 0.531250 0.445313
vt 0.468750 0.414063
vt 0.468750 0.445313
vt 0.531250 0.414063
vt 1.062500 0.843750
vt 0.906250 0.718750
vt 1.132813 0.875000
vt 1.101563 0.843750
vt 1.031250 0.781250
vt 0.820313 0.718750
vt 0.468750 0.375000
vt 0.531250 0.375000
vt 0.531250 0.839844
vt 0.468750 0.777344
vt 0.468750 0.839844
vt 0.531250 0.777344
vt 0.039063 0.375000
vt 0.132813 0.375000
vt 0.164063 0.437500
vt 0.039063 0.437500
vt 0.593750 0.445313
vt 1.125000 0.351563
vt 0.625000 0.351563
vt 1.156250 0.445313
vt 0.562500 0.351563
vt 0.562500 0.132813
vt 0.468750 0.382813
vt 1.218750 0.445313
vt 0.468750 0.132813
vt 0.191406 0.351563
vt 0.285156 0.445313
vt 0.285156 0.382813
vt 0.191406 0.132813
vt 0.285156 0.132813
vt 0.531250 0.343750
vt 0.468750 0.218750
vt 0.468750 0.343750
vt 0.531250 0.218750
vt 0.437500 0.476563
vt 0.437500 0.132813
vt 1.250000 0.476563
vt 0.500000 0.476563
vt 0.316406 0.476563
vt 0.316406 0.132813
vt 0.531250 0.132813
vt 0.625000 0.132813
vt 1.125000 0.132813
vt 1.187500 0.132813
vt 1.218750 0.132813
vt -0.375000 0.371094
vt -0.437500 0.871094
vt -0.437500 0.933594
vt -0.375000 0.933594
vt -0.375000 0.308594
vt 1.062500 0.000000
vt 1.000000 0.000000
vt 1.062500 -0.078125
vt 1.000000 -0.078125
vt 1.000000 -0.156250
vt 1.062500 -0.156250
vt -0.437500 0.433594
vt -0.375000 -0.097656
vt -0.437500 -0.097656
vt 1.062500 -0.234375
vt 1.000000 -0.234375
vt 1.000000 -0.312500
vt 1.062500 -0.312500
vt 1.062500 -0.390625
vt 1.000000 -0.390625
vt 1.000000 -0.468750
vt 1.062500 -0.468750
vt 1.062500 -0.546875
vt 1.000000 -0.546875
vt 1.000000 -0.625000
vt 1.062500 -0.625000
vt 0.187500 0.871094
vt 0.125000 0.933594
vt 0.187500 0.933594
vt 0.125000 0.371094
vt 0.187500 0.433594
vt 0.125000 0.308594
vt 0.187500 -0.097656
vt 0.125000 -0.097656
vt 1.757813 -0.031250
vt 1.757813 -0.093750
vt 1.820313 0.312500
vt 1.820313 0.375000
vt 1.820313 -0.093750
vt 2.039063 0.375000
vt 2.039063 0.437500
vt 1.820313 0.437500
vt 1.757813 0.937500
vt 1.820313 0.937500
vt -0.500000 0.000000
vt -0.562500 0.000000
vt -0.500000 -0.062500
vt -0.562500 -0.062500
vt -0.625000 -0.062500
vt -0.625000 0.000000
vt -0.687500 0.000000
vt -0.687500 -0.062500
vt 0.625000 0.070313
vt 1.250000 0.132813
vt 0.500000 0.132813
vt 1.125000 0.070313
vt 1.250000 0.937500
vt 1.187500 1.000000
vt 1.187500 0.937500
vt 1.250000 1.000000
vt 1.125000 0.937500
vt 0.312500 0.000000
vt 0.250000 -0.062500
vt 0.312500 -0.062500
vt 0.250000 0.000000
vt 1.125000 1.000000
vt 1.062500 1.000000
vt 1.062500 0.937500
vt 1.000000 0.937500
vt 1.000000 1.000000
vt 0.281250 -0.035156
vt 0.218750 0.308594
vt 0.281250 0.308594
vt 0.218750 -0.035156
vt 0.281250 0.871094
vt 0.218750 0.871094
vt 0.218750 0.902344
vt 0.281250 0.902344
vt 0.222656 0.414063
vt 0.222656 0.445313
vt 0.285156 0.414063
vt 0.167969 0.437500
vt 0.042969 0.437500
vt 0.042969 0.375000
vt 0.136719 0.375000
vt 0.222656 0.375000
vt 0.285156 0.375000
vt 0.281250 0.839844
vt 0.218750 0.777344
vt 0.218750 0.839844
vt 0.281250 0.777344
vt 0.285156 0.343750
vt 0.222656 0.218750
vt 0.222656 0.343750
vt 0.285156 0.218750
vt 0.222656 0.132813
vt -0.187500 0.945313
vt 0.187500 0.945313
vt -0.187500 0.882813
vt -0.250000 0.882813
vt 0.187500 0.882813
vt 0.250000 0.945313
vt -0.250000 0.945313
vt 0.250000 0.882813
vt -0.250000 0.058594
vt -0.187500 -0.003906
vt -0.250000 -0.003906
vt 0.187500 -0.003906
vt 0.250000 0.058594
vt 0.250000 -0.003906
vt 0.507813 0.250000
vt 0.507813 0.812500
vt 0.445313 0.812500
vt 0.445313 0.250000
vt 0.984375 0.421875
vt 0.921875 0.421875
vt 0.921875 0.468750
vt 0.984375 0.468750
vt -1.730469 0.945313
vt 0.394531 0.959201
vt -0.371094 0.945313
vt -2.761719 0.945313
vt 0.503906 0.945313
vt 1.863281 0.945312
vt -2.761719 1.007813
vt 2.894531 0.945312
vt 2.957031 1.007813
vt 2.957031 0.945312
vt 0.218750 0.132813
vt 0.281250 0.218750
vt 0.281250 0.132813
vt 0.218750 0.218750
vt -0.937500 -0.546875
vt -1.000000 -0.625000
vt -0.937500 -0.625000
vt -1.000000 -0.546875
vt 2.187500 0.875000
vt 2.125000 0.937500
vt 2.187500 0.937500
vt 2.125000 0.375000
vt -0.937500 -0.468750
vt -1.000000 -0.468750
vt 2.187500 0.437500
vt 2.125000 0.312500
vt -0.937500 -0.390625
vt -1.000000 -0.390625
vt -1.000000 -0.312500
vt -0.937500 -0.312500
vt -0.937500 -0.234375
vt -1.000000 -0.234375
vt -1.000000 -0.156250
vt -0.937500 -0.156250
vt -0.937500 -0.078125
vt -1.000000 -0.078125
vt -1.000000 0.000000
vt -0.937500 0.000000
vt 2.187500 -0.093750
vt 2.125000 -0.093750
vt 1.625000 0.375000
vt 1.562500 0.875000
vt 1.562500 0.937500
vt 1.625000 0.937500
vt 1.625000 0.312500
vt 1.562500 0.437500
vt 1.625000 -0.093750
vt 1.562500 -0.093750
vt 1.156250 0.445312
vt 1.218750 0.445312
vt 1.187500 0.351563
vt 1.281250 0.445312
vt 1.281250 0.382812
vt 1.281250 0.132812
vt 0.281250 0.343750
vt 0.218750 0.343750
vt 0.218750 0.781250
vt 0.281250 0.843750
vt 0.281250 0.781250
vt 0.218750 0.843750
vt 1.250000 0.476562
vt 1.312500 0.476562
vt 1.312500 0.132812
vt 0.218750 0.375000
vt 0.281250 0.414063
vt 0.281250 0.375000
vt 0.218750 0.414063
vt 0.218750 -0.031250
vt 0.281250 -0.031250
vt 0.281250 0.312500
vt 0.218750 0.312500
vt 1.281250 0.382813
vt 1.281250 0.132813
vt 1.281250 0.445313
vt 1.312500 0.132813
vt 1.312500 0.476563
vt 0.281250 0.445313
vt 0.218750 0.445313
vt 1.125000 0.132812
vt 1.187500 0.132812
vt 1.218750 0.132812
vt 0.218750 0.875000
vt 0.281250 0.906250
vt 0.281250 0.875000
vt 0.218750 0.906250
vt 1.625000 0.371094
vt 1.625000 0.308594
vt 1.562500 0.871094
vt 1.562500 0.933594
vt 1.562500 0.433594
vt 1.625000 0.933594
vt 1.625000 -0.097656
vt 1.562500 -0.097656
vt 2.187500 0.871094
vt 2.125000 0.933594
vt 2.187500 0.933594
vt 2.125000 0.371094
vt 2.187500 0.433594
vt 2.125000 0.308594
vt 2.187500 -0.097656
vt 2.125000 -0.097656
vt 1.250000 0.132812
vt 0.281250 0.445312
vt 0.281250 0.414062
vt 0.468750 0.781250
vt 0.531250 0.843750
vt 0.531250 0.781250
vt 0.468750 0.843750
vt 0.187500 -0.031250
vt 0.250000 0.312500
vt 0.187500 0.312500
vt 0.281250 0.132812
vt 0.468750 0.875000
vt 0.531250 0.875000
vt 0.468750 0.906250
vt 0.187500 0.000000
vt 0.250000 0.062500
vt -0.250000 0.062500
vt -0.187500 0.000000
vt -0.250000 0.000000
vt 2.953125 0.718750
vt -2.765625 0.718750
vt -2.765625 0.781250
vt 2.953125 0.781250
vt 0.632812 0.468750
vt 0.632812 0.500000
vt 0.601562 0.421875
vt 0.570312 0.500000
vt -0.476563 0.421875
vt 1.859375 0.945313
vt -0.265625 0.959201
vt 2.890625 0.945313
vt 0.500000 0.945313
vt -0.375000 0.945313
vt 2.890625 1.007813
vt -1.734375 0.945313
vt -2.765625 0.945313
vt -2.828125 0.945313
vt -2.828125 1.007813
vt 0.953125 0.054688
vt 0.890625 1.460938
vt 0.890625 0.054688
vt 0.953125 1.460938
vt 0.953125 0.460937
vt 0.890625 1.539063
vt 0.890625 0.460937
vt 0.953125 1.539063
vt 0.953125 0.421875
vt 0.890625 0.421875
vt 0.890625 0.468750
vt 0.953125 0.468750
vt 0.187500 0.875000
vt 0.187500 0.437500
vt 0.125000 0.375000
vt 0.125000 0.937500
vt 0.125000 0.312500
vt 0.187500 -0.093750
vt 0.187500 0.937500
vt 0.125000 -0.093750
vt -0.375000 0.375000
vt -0.437500 0.937500
vt -0.375000 0.937500
vt -0.437500 0.875000
vt -0.375000 0.312500
vt -0.437500 0.437500
vt -0.375000 -0.093750
vt -0.437500 -0.093750
vt 0.281250 0.382813
vt 0.187500 0.351563
vt 0.187500 0.132813
vt 0.312500 0.476563
vt 0.312500 0.132813
vt 0.953125 -0.460938
vt 0.890625 0.945313
vt 0.890625 -0.460938
vt 0.953125 0.945313
vt -2.828125 0.718750
vt -2.828125 0.781250
vt 2.890625 0.781250
vt 2.890625 0.718750
vt -1.803607 0.551256
vt -1.803607 0.684000
vt 3.799701 0.551256
vt -2.001955 0.684000
vt 3.799701 0.684000
vt 3.998049 0.551256
vt -2.001955 0.551256
vt -1.803607 1.002585
vt 3.998049 0.684000
vt 3.799701 1.002585
vt 3.998049 0.052103
vt -2.001955 0.052103
vt -2.001955 0.503432
vt 3.998049 0.503432
vt 3.998049 0.552260
vt -2.001955 0.552260
vt -2.001955 1.003588
vt 3.998049 1.003588
vt 3.998049 0.052417
vt -2.001955 0.052417
vt -2.001955 0.503745
vt 3.998049 0.503745
vt 3.998049 0.552573
vt -2.001955 0.552573
vt -2.001955 1.003902
vt 3.998049 1.003902
vt 3.998049 -1.000004
vt -2.001955 -1.000004
vt -2.001955 0.712390
vt 3.998049 0.287610
vt -2.001955 2.000004
vt 3.998049 2.000004
vt 3.998049 0.050785
vt -2.001955 0.050785
vt -2.001955 0.502114
vt 3.998049 0.502114
vt 3.998049 0.550942
vt -2.001955 0.550942
vt -2.001955 1.002271
vt 3.998049 1.002271
vt 3.998049 0.051099
vt -2.001955 0.051099
vt -2.001955 0.502428
vt 3.998049 0.502428
vt 0.312500 -0.091146
vt 0.479167 0.242188
vt 0.145833 0.242188
vt 0.479167 -0.091146
vt 0.997396 -0.075521
vt 1.164063 0.591146
vt 1.164063 -0.075521
vt -0.169271 0.591146
vt -0.002604 -0.075521
vt -0.169271 -0.075521
vt 0.997396 0.257813
vt -0.002604 0.257813
vt 0.145833 0.598958
vt 0.479167 0.932292
vt 0.312500 0.932292
vt 0.479167 0.598958
vt 0.312500 -0.085938
vt 0.479167 0.247396
vt 0.145833 0.247396
vt 0.479167 -0.085938
vt 1.000000 -0.075521
vt 1.166667 0.591146
vt 1.166667 -0.075521
vt -0.166667 0.591146
vt 0.000000 -0.075521
vt -0.166667 -0.075521
vt 0.000000 0.257813
vt 1.000000 0.257813
vt 0.145833 0.604167
vt 0.479167 0.937500
vt 0.312500 0.937500
vt 0.479167 0.604167
vt 0.312500 -0.096354
vt 0.479167 0.236979
vt 0.145833 0.236979
vt 0.479167 -0.096354
vt 0.998698 -0.075521
vt 1.165365 0.591146
vt 1.165365 -0.075521
vt -0.167969 0.591146
vt -0.001302 -0.075521
vt -0.167969 -0.075521
vt 0.998698 0.257813
vt -0.001302 0.257813
vt 0.145833 0.593750
vt 0.479167 0.927083
vt 0.312500 0.927083
vt 0.479167 0.593750
vt -0.167889 0.583334
vt -0.001226 -0.083333
vt -0.167889 -0.083333
vt 0.998747 -0.083333
vt 1.165409 0.583334
vt 1.165409 -0.083333
vt 0.479300 0.934896
vt 0.312638 0.934896
vt 0.145976 0.601563
vt 0.479300 0.601563
vt 0.479300 0.244792
vt 0.312638 -0.088542
vt 0.479300 -0.088542
vt 0.145976 0.244792
vt -0.001226 0.250000
vt 0.998747 0.250000
vt -0.166649 0.583334
vt 0.000013 -0.083333
vt -0.166649 -0.083333
vt 0.999987 -0.083333
vt 1.166649 0.583334
vt 1.166649 -0.083333
vt 0.479300 0.937500
vt 0.145976 0.604167
vt 0.479300 0.604167
vt 0.312638 0.937500
vt 0.479300 0.247396
vt 0.312638 -0.085938
vt 0.479300 -0.085938
vt 0.145976 0.247396
vt 0.000013 0.250000
vt 0.999987 0.250000
vt -0.165409 0.583334
vt 0.001253 -0.083333
vt -0.165409 -0.083333
vt 1.001226 -0.083333
vt 1.167889 0.583334
vt 1.167889 -0.083333
vt 0.479300 0.940104
vt 0.312638 0.940104
vt 0.145976 0.606771
vt 0.479300 0.606771
vt 0.479300 0.250000
vt 0.312638 -0.083333
vt 0.479300 -0.083333
vt 0.145976 0.250000
vt 0.001253 0.250000
vt 1.001226 0.250000
vt 1.000000 0.000279
vt 1.000000 1.000279
vt 0.000000 1.000279
vt 0.000000 0.000279
vt 0.000000 0.002232
vt 1.000000 1.002232
vt 0.000000 1.002232
vt 1.000000 0.002232
vt 0.304688 0.531250
vt 0.304688 0.375000
vt 0.382812 0.375000
vt 0.382812 0.531250
vt 1.765625 0.937500
vt 1.890625 1.062500
vt 1.890625 0.937500
vt -1.890625 1.062500
vt -1.765625 0.937500
vt -1.890625 0.937500
vt 0.765625 0.812500
vt 0.890625 0.937500
vt 0.890625 0.812500
vt 0.765625 0.937500
vt -1.890625 0.187500
vt 1.890625 0.312500
vt 1.890625 0.187500
vt -1.890625 0.312500
vt -1.890625 0.062500
vt 1.890625 0.062500
vt 2.304688 0.375000
vt 2.304688 0.531250
vt -1.828125 0.375000
vt -1.828125 0.531250
vt -1.750000 0.531250
vt 2.382812 0.531250
vt -1.750000 0.375000
vt 2.382812 0.375000
vt -1.890625 0.812500
vt 1.890625 0.812500
vt 0.937500 0.812500
vt 1.117188 0.937500
vt 1.117188 0.812500
vt 0.851563 0.812500
vt 0.851563 0.937500
vt 1.890625 0.437500
vt -1.890625 0.437500
vt 0.109375 0.812500
vt 0.234375 0.937500
vt 0.234375 0.812500
vt 0.109375 0.937500
vt -1.765625 0.812500
vt 1.765625 0.812500
vt 0.468750 0.484375
vt 0.468750 0.609375
vt 0.906250 0.609375
vt 0.906250 0.484375
vt 1.015625 0.031250
vt 1.015625 1.656250
vt 0.890625 1.656250
vt 0.890625 0.031250
vt -2.531250 4.531250
vt -2.093750 6.156250
vt -2.093750 4.531250
vt -2.531250 4.031250
vt -2.531250 6.156250
vt 3.531250 -5.406250
vt 4.031250 -2.500000
vt 3.531250 -2.500000
vt 4.031250 -5.406250
vt -2.343750 4.031250
vt 0.000000 -5.592863
vt 0.000000 -6.006630
vt 0.559017 -5.592861
vt 0.559017 -6.006627
vt 0.000000 -5.181345
vt 0.559017 -5.181344
vt 0.559017 -4.772075
vt 0.000000 -4.772077
vt 0.000000 -4.365057
vt 0.559017 -4.365056
vt 0.559017 -3.960286
vt 0.000000 -3.960287
vt 0.000000 -3.557766
vt 0.559017 -3.557765
vt 0.559017 -3.157492
vt 0.000000 -3.157494
vt 0.000000 -2.759470
vt 0.559017 -2.759469
vt 0.559017 -2.363695
vt 0.000000 -2.363696
vt 0.000000 -1.970170
vt 0.559017 -1.970170
vt 0.559017 -1.578894
vt 0.000000 -1.578895
vt 0.000000 -1.189867
vt 0.559017 -1.189867
vt 0.559017 -0.803089
vt 0.000000 -0.803089
vt 0.000000 -0.418561
vt 0.559017 -0.418561
vt 0.559017 -0.036281
vt 0.000000 -0.036281
vt 0.000000 0.343750
vt 0.559017 0.343750
vt 0.500000 -4.970346
vt 0.000000 -5.350380
vt 0.500000 -5.350377
vt 0.000000 -4.970349
vt 0.000000 -4.588068
vt 0.500000 -4.588067
vt 0.500000 -4.203538
vt 0.000000 -4.203539
vt 0.000000 -3.816761
vt 0.500000 -3.816760
vt 0.500000 -3.427733
vt 0.000000 -3.427734
vt 0.000000 -3.036458
vt 0.500000 -3.036457
vt 0.500000 -2.642932
vt 0.000000 -2.642933
vt 0.000000 -2.247159
vt 0.500000 -2.247158
vt 0.500000 -1.849135
vt 0.000000 -1.849135
vt 0.000000 -1.448863
vt 0.500000 -1.448863
vt 0.500000 -1.046341
vt 0.000000 -1.046342
vt 0.000000 -0.641571
vt 0.500000 -0.641571
vt 0.500000 -0.234552
vt 0.000000 -0.234552
vt 0.000000 0.174716
vt 0.500000 0.174716
vt 0.500000 0.586234
vt 0.000000 0.586234
vt 0.000000 1.000000
vt 0.500000 1.000000
vt -2.531250 -3.031250
vt -2.343750 -2.531250
vt -2.093750 -3.031250
vt -2.531250 -4.656250
vt -2.093750 -4.656250
vt -2.531250 -2.531250
vt -4.031250 -5.406250
vt -3.531250 -2.500000
vt -4.031250 -2.500000
vt -3.531250 -5.406250
vt 1.015625 -0.468750
vt 0.515625 -0.968750
vt 0.890625 -0.468750
vt 0.515625 -0.468750
vt 1.015625 -0.968750
vt 0.625000 -0.120801
vt 0.500000 -0.120799
vt 0.500000 0.324597
vt 0.625000 0.324595
vt 0.500000 -0.566470
vt 0.625000 -0.566473
vt 0.625000 0.769716
vt 0.500000 0.769718
vt 0.500000 1.214564
vt 0.625000 1.214562
vt 0.625000 1.659133
vt 0.500000 1.659134
vt 0.500000 2.103430
vt 0.625000 2.103429
vt 0.109375 1.500000
vt 0.484375 -1.406250
vt 0.484375 1.500000
vt -0.015625 1.500000
vt -0.015625 -1.406250
vt -2.531250 5.031250
vt -2.343750 5.031250
vt -2.093750 5.531250
vt -2.531250 5.531250
vt 3.531250 -4.406250
vt 3.531250 -1.500000
vt 4.031250 -1.500000
vt 4.031250 -4.406250
vt 0.500000 2.000000
vt 0.000000 2.000000
vt 0.500000 1.586234
vt 0.000000 1.586234
vt 0.000000 1.174716
vt 0.500000 1.174716
vt 0.500000 0.765448
vt 0.000000 0.765448
vt 0.000000 0.358429
vt 0.500000 0.358429
vt 0.500000 -0.046341
vt 0.000000 -0.046342
vt 0.000000 -0.448863
vt 0.500000 -0.448863
vt 0.500000 -0.849135
vt 0.000000 -0.849135
vt 0.000000 -1.247159
vt 0.500000 -1.247158
vt 0.500000 -1.642932
vt 0.000000 -1.642933
vt 0.000000 -2.036458
vt 0.500000 -2.036457
vt 0.500000 -2.427733
vt 0.000000 -2.427734
vt 0.000000 -2.816761
vt 0.500000 -2.816760
vt 0.500000 -3.203538
vt 0.000000 -3.203539
vt 0.000000 -3.588068
vt 0.500000 -3.588067
vt 0.500000 -3.970346
vt 0.000000 -3.970349
vt 0.000000 -4.350380
vt 0.500000 -4.350377
vt 0.559017 2.343750
vt 0.000000 2.343750
vt 0.559017 1.963719
vt 0.000000 1.963719
vt 0.000000 1.581439
vt 0.559017 1.581439
vt 0.559017 1.196911
vt 0.000000 1.196911
vt 0.000000 0.810133
vt 0.559017 0.810133
vt 0.559017 0.421106
vt 0.000000 0.421106
vt 0.000000 0.029829
vt 0.559017 0.029830
vt 0.559017 -0.363695
vt 0.000000 -0.363696
vt 0.000000 -0.759470
vt 0.559017 -0.759469
vt 0.559017 -1.157492
vt 0.000000 -1.157493
vt 0.000000 -1.557765
vt 0.559017 -1.557765
vt 0.559017 -1.960286
vt 0.000000 -1.960287
vt 0.000000 -2.365057
vt 0.559017 -2.365056
vt 0.559017 -2.772075
vt 0.000000 -2.772077
vt 0.000000 -3.181345
vt 0.559017 -3.181344
vt 0.559017 -3.592861
vt 0.000000 -3.592863
vt 0.000000 -4.006630
vt 0.559017 -4.006627
vt -2.531250 -2.031250
vt -2.093750 -2.031250
vt -2.343750 -1.531250
vt -2.531250 -1.531250
vt -4.031250 -4.406250
vt -4.031250 -1.500000
vt -3.531250 -1.500000
vt -3.531250 -4.406250
vt 4.500000 5.187500
vt 4.500000 5.000000
vt 4.000000 5.000000
vt 4.000000 5.187500
vt -4.015625 -3.406250
vt -4.015625 -0.500000
vt -3.515625 -0.500000
vt -3.515625 -3.406250
vt 0.000000 -0.046341
vt 0.625000 -1.452551
vt 0.500000 -1.008805
vt 0.625000 -1.008806
vt 0.625000 -0.565336
vt 0.500000 -1.452550
vt 0.625000 2.547449
vt 0.500000 2.547450
vt 0.500000 -0.565335
vt 0.500000 -0.122140
vt 0.625000 -0.122141
vt 0.625000 0.320779
vt 0.500000 0.320779
vt 0.500000 0.763424
vt 0.625000 0.763423
vt 0.625000 1.205793
vt 0.500000 1.205793
vt 0.500000 1.647887
vt 0.625000 1.647887
vt 0.625000 2.089706
vt 0.500000 2.089706
vt 0.500000 2.531250
vt 0.625000 2.531250
vt 0.000000 -1.247158
vt 0.500000 1.357068
vt 0.000000 1.752842
vt 0.500000 1.752842
vt 0.000000 1.357068
vt 0.000000 0.963543
vt 0.500000 0.963543
vt 0.500000 0.572267
vt 0.000000 0.572267
vt 0.000000 0.183240
vt 0.500000 0.183240
vt 0.500000 -0.203538
vt 0.000000 -0.203538
vt 0.000000 -0.588067
vt 0.500000 -0.588067
vt 0.500000 -0.970346
vt 0.000000 -0.970346
vt 0.000000 -1.350377
vt 0.500000 -1.350377
vt 0.000000 -1.350380
vt 0.000000 -0.970349
vt 0.000000 -0.588068
vt 0.000000 -0.203539
vt 0.000000 0.183239
vt 0.000000 0.572266
vt 0.000000 0.963542
vt 0.000000 1.357067
vt 0.000000 1.752841
vt -0.375000 0.218750
vt 0.625000 0.218750
vt -0.750000 0.968750
vt -0.750000 0.343750
vt -0.750000 1.218750
vt 1.125000 0.218750
vt -0.750000 0.218750
vt 0.765625 1.218750
vt 1.125000 0.343750
vt 1.125000 1.218750
vt 0.559017 -1.592861
vt 0.000000 -1.592863
vt 0.000000 -2.006630
vt 0.559017 -2.006627
vt 0.000000 -1.181345
vt 3.531250 -2.406250
vt 4.031250 0.937500
vt 3.531250 0.687500
vt 4.031250 -2.406250
vt 0.559017 -1.181344
vt 0.559017 -0.772075
vt 0.000000 -0.772077
vt 0.000000 -0.365057
vt 0.559017 -0.365056
vt 0.559017 0.039714
vt 0.000000 0.039713
vt 0.000000 0.442235
vt 0.559017 0.442235
vt 0.559017 0.842508
vt 0.000000 0.842507
vt 0.000000 1.240530
vt 0.559017 1.240531
vt 0.559017 1.636305
vt 0.000000 1.636304
vt 0.000000 2.029829
vt 0.559017 2.029830
vt 0.559017 2.421106
vt 0.000000 2.421106
vt 0.000000 2.810133
vt 0.559017 2.810133
vt 0.559017 3.196911
vt 0.000000 3.196910
vt 0.000000 3.581439
vt 0.559017 3.581439
vt 0.559017 3.963719
vt 0.000000 3.963719
vt 0.000000 4.343750
vt 0.559017 4.343750
vt 0.500000 -1.970346
vt 0.000000 -2.350380
vt 0.500000 -2.350377
vt 0.000000 -1.970349
vt 0.000000 -1.588068
vt 0.500000 -1.588067
vt 0.500000 -1.203538
vt 0.000000 -1.203539
vt 0.000000 -0.816761
vt 0.500000 -0.816760
vt 0.500000 -0.427733
vt 0.000000 -0.427734
vt 0.000000 -0.036458
vt 0.500000 -0.036457
vt 0.500000 0.357068
vt 0.000000 0.357067
vt 0.000000 0.752841
vt 0.500000 0.752842
vt 0.500000 1.150865
vt 0.000000 1.150865
vt 0.000000 1.551137
vt 0.500000 1.551137
vt 0.500000 1.953659
vt 0.000000 1.953658
vt 0.000000 2.358429
vt 0.500000 2.358429
vt 0.500000 2.765448
vt 0.000000 2.765448
vt 0.000000 3.174716
vt 0.500000 3.174716
vt 0.500000 3.586234
vt 0.000000 3.586234
vt 0.000000 4.000000
vt 0.500000 4.000000
vt -4.031250 0.906250
vt -3.531250 0.687500
vt -4.031250 0.937500
vt -3.531250 -2.406250
vt -4.031250 -1.531250
vt -4.031250 -2.406250
vt 4.031250 0.906250
vt 4.031250 -1.531250
vt 0.559017 3.343750
vt 0.000000 3.343750
vt 0.559017 2.963719
vt 0.000000 2.963719
vt 0.000000 2.581439
vt 0.559017 2.581439
vt 0.559017 2.196911
vt 0.000000 2.196911
vt 0.000000 1.810133
vt 0.559017 1.810133
vt 0.559017 1.421106
vt 0.000000 1.421105
vt 0.000000 1.029830
vt 0.559017 1.029830
vt 0.559017 0.636305
vt 0.000000 0.636304
vt 0.000000 0.240530
vt 0.559017 0.240531
vt 0.559017 -0.157492
vt 0.000000 -0.157494
vt 0.000000 -0.557766
vt 0.559017 -0.557765
vt 0.559017 -0.960286
vt 0.000000 -0.960287
vt 0.000000 -1.365057
vt 0.559017 -1.365056
vt 0.559017 -1.772075
vt 0.000000 -1.772077
vt 0.000000 -2.181345
vt 0.559017 -2.181344
vt 0.559017 -2.592861
vt 0.000000 -2.592863
vt 0.000000 -3.006630
vt 0.559017 -3.006627
vt -0.250000 -1.406250
vt -0.250000 1.687500
vt 0.250000 1.687500
vt 0.250000 -1.406250
vt 0.468750 0.109375
vt 0.468750 -0.015625
vt 0.906250 -0.015625
vt 0.906250 0.109375
vt 0.890625 0.968750
vt 0.890625 -0.656250
vt 1.015625 -0.656250
vt 1.015625 0.968750
vt 1.015625 1.468750
vt 0.515625 0.968750
vt 0.515625 1.468750
vt 0.890625 1.468750
vt 1.015625 -1.437500
vt 0.515625 -1.437500
vt 3.531250 -4.031250
vt 3.531250 -4.156250
vt -3.531250 -4.031250
vt -3.531250 -4.156250
vt 0.015625 -0.500000
vt -0.484375 -3.156250
vt -0.484375 -3.031250
vt 0.015625 -3.406250
vt -0.484375 -0.500000
vt 0.000000 5.187500
vt 0.000000 5.000000
vt 0.500000 5.000000
vt 0.500000 5.187500
vt -0.484375 -3.406250
vt 6.701476 -0.011262
vt 6.701476 0.209709
vt -4.987884 0.209709
vt -4.987884 -0.011262
vt 0.515625 -1.406250
vt 0.515625 1.500000
vt 0.890625 1.500000
vt 1.015625 -1.406250
vt 1.015625 1.500000
vt -1.921875 1.718750
vt -1.758681 1.326389
vt -1.953125 1.718750
vt -2.328125 1.718750
vt -2.328125 -0.046875
vt -1.859375 1.718750
vt -1.515625 -0.046875
vt -1.359375 1.718750
vt -1.296875 1.718750
vt -1.265625 1.718750
vt 1.978455 0.166931
vt 2.015625 -0.046875
vt 1.765625 1.718750
vt 1.929443 0.366943
vt 1.868591 0.553162
vt 1.795898 0.725586
vt 1.711365 0.884216
vt 1.614990 1.029053
vt 1.506775 1.160095
vt 1.386719 1.277344
vt 1.254822 1.380798
vt 1.111084 1.470459
vt 0.955505 1.546326
vt 0.788086 1.608398
vt 0.608826 1.656677
vt 0.417725 1.691162
vt 0.214783 1.711853
vt 0.000000 1.718750
vt 0.429565 2.423706
vt 0.000000 2.437500
vt 3.531250 2.437500
vt 0.835449 2.382324
vt 1.217651 2.313354
vt 1.576172 2.216797
vt 1.911011 2.092651
vt 2.222168 1.940918
vt 2.509644 1.761597
vt 2.773438 1.554688
vt 3.013550 1.320190
vt 3.229980 1.058105
vt 3.422729 0.768433
vt 3.591797 0.451172
vt 3.737183 0.106323
vt 3.858887 -0.266113
vt 3.956909 -0.666138
vt 4.031250 -1.093750
vt 2.258681 1.326389
vt 2.828125 -0.046875
vt 1.796875 1.718750
vt 2.828125 1.718750
vt 1.859375 1.718750
vt 2.359375 1.718750
vt 2.421875 1.718750
vt 2.453125 1.718750
vt 0.484375 -0.718750
vt -0.328125 0.734375
vt 0.484375 0.734375
vt -0.328125 -0.718750
vt -0.882813 -1.281250
vt -1.757813 -1.281250
vt 0.125000 3.343750
vt -1.757813 -1.718750
vt 0.125000 -0.062500
vt 1.757813 -1.718750
vt -1.757813 3.343750
vt 0.125000 -1.281250
vt 1.062500 3.343750
vt 1.062500 -0.062500
vt 1.757813 3.343750
vt 1.757813 -1.281250
vt 1.062500 -1.281250
vt 1.757813 -1.531250
vt 0.882813 -1.281250
vt 1.757813 -1.593750
vt 0.328125 0.937500
vt 0.203125 0.593750
vt 0.203125 0.937500
vt 0.328125 -0.281250
vt 0.203125 -0.281250
vt 0.312500 0.593750
vt 0.312500 -0.281250
vt 0.812500 0.937500
vt 0.812500 0.593750
vt 0.125000 -0.281250
vt 1.062500 -0.281250
vt 0.812500 -0.281250
vt 0.328125 0.312500
vt 0.328125 0.125000
vt 0.015625 0.125000
vt 0.328125 0.812500
vt -0.109375 0.125000
vt 0.328125 1.062500
vt -0.109375 1.062500
vt 0.015625 -0.281250
vt 0.015625 0.937500
vt 0.203125 0.312500
vt 0.203125 0.812500
vt -1.445313 0.953125
vt -1.445313 0.734375
vt 2.445313 0.953125
vt 2.445313 2.718750
vt 2.445313 0.734375
vt -1.445313 -0.718750
vt -1.445313 2.718750
vt 2.445313 -0.718750
vt -0.109375 -0.281250
vt -0.109375 0.937500
vt 2.000000 -0.326025
vt -1.703124 -0.103327
vt -1.703124 -0.326025
vt 2.000000 -0.103327
vt -1.703124 -0.548861
vt 2.000000 -0.548861
vt 2.000000 0.119233
vt -1.703124 0.119233
vt -1.703124 0.341656
vt 2.000000 0.341656
vt 2.000000 0.563941
vt -1.703124 0.563941
vt -1.703124 0.786089
vt 2.000000 0.786089
vt 0.015625 -0.718750
vt 0.828125 0.734375
vt 0.828125 -0.718750
vt 0.015625 0.734375
vt 2.000000 -0.991900
vt 2.000000 -0.770028
vt -1.703123 -0.770028
vt -1.703123 -0.991900
vt 2.000000 -0.548293
vt 2.000000 1.008100
vt -1.703123 1.008100
vt -1.703123 -0.548293
vt -1.703123 -0.326695
vt 2.000000 -0.326695
vt 2.000000 -0.105235
vt -1.703122 -0.105235
vt -1.703122 0.116087
vt 2.000000 0.116087
vt 2.000000 0.337272
vt -1.703122 0.337272
vt -1.703121 0.558319
vt 2.000000 0.558319
vt 2.000000 0.779228
vt -1.703121 0.779228
vt -1.703120 1.000000
vt 2.000000 1.000000
vt -1.703124 0.780801
vt -1.703124 1.000000
vt 2.000000 0.780801
vt 2.000000 0.564609
vt -1.703124 0.564609
vt -1.703124 0.351424
vt 2.000000 0.351424
vt 2.000000 0.141247
vt -1.703124 0.141247
vt -1.703124 -0.065922
vt 2.000000 -0.065922
vt 2.000000 -0.270085
vt -1.703124 -0.270085
vt -1.703124 -0.471239
vt 2.000000 -0.471239
vt 2.000000 -0.669386
vt -1.703124 -0.669386
vt -1.703124 -0.864526
vt 2.000000 -0.864526
vt 2.000000 0.943342
vt -1.703124 1.135474
vt 2.000000 1.135474
vt -1.703124 0.943342
vt 1.148438 -1.281250
vt -1.757812 -1.718750
vt -1.757812 -1.531250
vt -1.757812 -1.593750
vt -1.703124 0.754217
vt 2.000000 0.754217
vt 2.000000 0.568100
vt -1.703124 0.568100
vt -1.703124 0.384990
vt 2.000000 0.384990
vt 2.000000 0.204887
vt -1.703124 0.204887
vt -1.703124 0.027792
vt 2.000000 0.027792
vt 2.000000 -0.146295
vt -1.703124 -0.146295
s 1
usemtl textures/alpha_c1/venice_lattice3
f 1/1/1 3/2/1 2/3/1
f 1/1/1 2/3/1 4/4/1
f 5/2/1 7/4/1 6/3/1
f 5/2/1 8/1/1 7/4/1
f 9/5/2 11/6/2 10/7/2
f 9/5/2 10/7/2 12/8/2
f 13/9/3 15/10/3 14/11/3
f 13/9/3 16/12/3 15/10/3
f 17/1/4 19/4/4 18/3/4
f 17/1/4 18/3/4 20/2/4
f 21/2/4 23/4/4 22/1/4
f 21/2/4 24/3/4 23/4/4
f 25/1/1 27/2/1 26/3/1
f 25/1/1 26/3/1 28/4/1
f 29/2/1 31/1/1 30/4/1
f 29/2/1 30/4/1 32/3/1
f 33/5/2 35/6/2 34/7/2
f 33/5/2 34/7/2 36/8/2
f 37/13/3 39/14/3 38/15/3
f 37/13/3 38/15/3 40/16/3
f 41/1/4 43/4/4 42/3/4
f 41/1/4 42/3/4 44/2/4
f 45/2/4 47/3/4 46/4/4
f 45/2/4 46/4/4 48/1/4
usemtl textures/venice_ase_c1/c1_curtain_win1
f 49/17/3 51/18/3 50/19/3
f 49/17/3 50/19/3 52/20/3
f 53/21/3 55/22/3 54/23/3
f 53/21/3 54/23/3 56/24/3
f 57/25/3 59/26/3 58/27/3
f 57/25/3 60/28/3 59/26/3
f 61/29/2 63/30/2 62/31/2
f 61/29/2 64/32/2 63/30/2
f 65/22/2 67/24/2 66/21/2
f 65/22/2 68/23/2 67/24/2
f 69/33/2 71/34/2 70/35/2
f 69/33/2 72/36/2 71/34/2
usemtl textures/venice_ase_c1/c1_shutter_green1
f 73/37/3 75/38/3 74/39/3
f 73/37/3 74/39/3 76/40/3
f 77/41/3 79/42/3 78/43/3
f 77/41/3 80/44/3 79/42/3
f 81/45/1 83/46/1 82/47/1
f 81/45/1 84/48/1 83/46/1
f 85/49/5 87/50/5 86/51/5
f 88/52/5 87/50/5 85/49/5
f 88/52/5 89/53/5 87/50/5
f 90/50/6 92/49/6 91/51/6
f 93/53/6 92/49/6 90/50/6
f 93/53/6 94/52/6 92/49/6
f 95/54/3 97/55/3 96/56/3
f 95/54/3 96/56/3 98/57/3
f 99/45/4 101/46/4 100/48/4
f 99/45/4 102/47/4 101/46/4
f 103/45/1 105/48/1 104/46/1
f 103/45/1 104/46/1 106/47/1
f 107/58/5 109/50/5 108/51/5
f 110/52/5 109/50/5 107/58/5
f 110/52/5 111/53/5 109/50/5
f 112/59/2 114/60/2 113/61/2
f 112/59/2 115/62/2 114/60/2
f 116/63/2 115/62/2 112/59/2
f 116/63/2 117/64/2 115/62/2
f 118/50/6 120/58/6 119/51/6
f 121/53/6 120/58/6 118/50/6
f 121/53/6 122/52/6 120/58/6
f 123/54/3 125/56/3 124/57/3
f 123/54/3 126/55/3 125/56/3
f 127/45/4 129/47/4 128/46/4
f 127/45/4 128/46/4 130/48/4
f 131/45/1 133/46/1 132/47/1
f 131/45/1 134/48/1 133/46/1
f 135/65/5 137/66/5 136/67/5
f 138/68/5 137/66/5 135/65/5
f 138/68/5 139/69/5 137/66/5
f 140/66/6 142/65/6 141/67/6
f 143/69/6 142/65/6 140/66/6
f 143/69/6 144/68/6 142/65/6
f 145/21/3 147/23/3 146/24/3
f 145/21/3 148/22/3 147/23/3
f 149/45/4 151/47/4 150/46/4
f 149/45/4 150/46/4 152/48/4
f 153/45/1 155/48/1 154/46/1
f 153/45/1 154/46/1 156/47/1
f 157/70/5 159/66/5 158/67/5
f 160/68/5 159/66/5 157/70/5
f 160/68/5 161/69/5 159/66/5
f 162/66/6 164/70/6 163/67/6
f 165/69/6 164/70/6 162/66/6
f 165/69/6 166/68/6 164/70/6
f 167/59/2 169/62/2 168/60/2
f 167/59/2 168/60/2 170/61/2
f 171/63/2 169/62/2 167/59/2
f 171/63/2 172/64/2 169/62/2
f 173/21/3 175/23/3 174/24/3
f 173/21/3 176/22/3 175/23/3
f 177/45/4 179/47/4 178/46/4
f 177/45/4 178/46/4 180/48/4
f 181/45/1 183/46/1 182/47/1
f 181/45/1 184/48/1 183/46/1
f 185/71/5 187/72/5 186/73/5
f 188/74/5 187/72/5 185/71/5
f 188/74/5 189/75/5 187/72/5
f 190/72/6 192/71/6 191/73/6
f 193/75/6 192/71/6 190/72/6
f 193/75/6 194/74/6 192/71/6
f 195/17/3 197/19/3 196/20/3
f 195/17/3 198/18/3 197/19/3
f 199/45/4 201/46/4 200/48/4
f 199/45/4 202/47/4 201/46/4
f 203/45/1 205/48/1 204/46/1
f 203/45/1 204/46/1 206/47/1
f 207/76/5 209/72/5 208/73/5
f 210/74/5 209/72/5 207/76/5
f 210/74/5 211/75/5 209/72/5
f 212/59/2 214/60/2 213/61/2
f 212/59/2 215/62/2 214/60/2
f 216/63/2 215/62/2 212/59/2
f 216/63/2 217/64/2 215/62/2
f 218/72/6 220/76/6 219/73/6
f 221/75/6 220/76/6 218/72/6
f 221/75/6 222/74/6 220/76/6
f 223/17/3 225/19/3 224/20/3
f 223/17/3 226/18/3 225/19/3
f 227/45/4 229/46/4 228/48/4
f 227/45/4 230/47/4 229/46/4
f 231/77/2 233/78/2 232/79/2
f 231/77/2 232/79/2 234/80/2
f 235/81/2 237/82/2 236/83/2
f 235/81/2 236/83/2 238/84/2
f 239/85/3 241/86/3 240/87/3
f 239/85/3 240/87/3 242/88/3
f 243/84/3 245/82/3 244/83/3
f 243/84/3 246/81/3 245/82/3
f 247/48/1 249/47/1 248/46/1
f 247/48/1 250/45/1 249/47/1
f 251/89/5 253/90/5 252/91/5
f 254/92/5 253/90/5 251/89/5
f 254/92/5 255/93/5 253/90/5
f 256/62/3 258/59/3 257/63/3
f 256/62/3 257/63/3 259/64/3
f 260/60/3 258/59/3 256/62/3
f 260/60/3 261/61/3 258/59/3
f 262/90/6 264/89/6 263/91/6
f 265/93/6 264/89/6 262/90/6
f 265/93/6 266/92/6 264/89/6
f 267/33/2 269/34/2 268/35/2
f 267/33/2 270/36/2 269/34/2
f 271/48/4 273/47/4 272/45/4
f 271/48/4 274/46/4 273/47/4
f 275/48/1 277/45/1 276/47/1
f 275/48/1 276/47/1 278/46/1
f 279/89/5 281/94/5 280/91/5
f 282/92/5 281/94/5 279/89/5
f 282/92/5 283/93/5 281/94/5
f 284/94/6 286/89/6 285/91/6
f 287/93/6 286/89/6 284/94/6
f 287/93/6 288/92/6 286/89/6
f 289/33/2 291/36/2 290/34/2
f 289/33/2 290/34/2 292/35/2
f 293/48/4 295/46/4 294/47/4
f 293/48/4 294/47/4 296/45/4
f 297/48/1 299/47/1 298/46/1
f 297/48/1 300/45/1 299/47/1
f 301/69/5 303/70/5 302/68/5
f 304/66/5 303/70/5 301/69/5
f 304/66/5 305/67/5 303/70/5
f 306/70/6 308/69/6 307/68/6
f 309/67/6 308/69/6 306/70/6
f 309/67/6 310/66/6 308/69/6
f 311/62/3 313/63/3 312/64/3
f 311/62/3 314/59/3 313/63/3
f 315/60/3 314/59/3 311/62/3
f 315/60/3 316/61/3 314/59/3
f 317/22/2 319/24/2 318/21/2
f 317/22/2 320/23/2 319/24/2
f 321/48/4 323/47/4 322/45/4
f 321/48/4 324/46/4 323/47/4
f 325/48/1 327/45/1 326/47/1
f 325/48/1 326/47/1 328/46/1
f 329/69/5 331/65/5 330/68/5
f 332/66/5 331/65/5 329/69/5
f 332/66/5 333/67/5 331/65/5
f 334/65/6 336/69/6 335/68/6
f 337/67/6 336/69/6 334/65/6
f 337/67/6 338/66/6 336/69/6
f 339/22/2 341/23/2 340/24/2
f 339/22/2 340/24/2 342/21/2
f 343/48/4 345/46/4 344/47/4
f 343/48/4 344/47/4 346/45/4
f 347/48/1 349/47/1 348/46/1
f 347/48/1 350/45/1 349/47/1
f 351/53/5 353/58/5 352/52/5
f 354/50/5 353/58/5 351/53/5
f 354/50/5 355/51/5 353/58/5
f 356/62/3 358/63/3 357/64/3
f 356/62/3 359/59/3 358/63/3
f 360/60/3 359/59/3 356/62/3
f 360/60/3 361/61/3 359/59/3
f 362/58/6 364/53/6 363/52/6
f 365/51/6 364/53/6 362/58/6
f 365/51/6 366/50/6 364/53/6
f 367/55/2 369/56/2 368/57/2
f 367/55/2 368/57/2 370/54/2
f 371/48/4 373/46/4 372/47/4
f 371/48/4 372/47/4 374/45/4
f 375/48/1 377/45/1 376/47/1
f 375/48/1 376/47/1 378/46/1
f 379/53/5 381/49/5 380/52/5
f 382/50/5 381/49/5 379/53/5
f 382/50/5 383/51/5 381/49/5
f 384/49/6 386/53/6 385/52/6
f 387/51/6 386/53/6 384/49/6
f 387/51/6 388/50/6 386/53/6
f 389/55/2 391/56/2 390/57/2
f 389/55/2 390/57/2 392/54/2
f 393/48/4 395/46/4 394/47/4
f 393/48/4 394/47/4 396/45/4
f 397/95/2 399/96/2 398/97/2
f 397/95/2 398/97/2 400/98/2
f 401/44/2 403/42/2 402/43/2
f 401/44/2 402/43/2 404/41/2
usemtl textures/venice_ase_c1/card_tile_rof1
f 405/99/7 407/100/7 406/101/7
f 405/99/7 406/101/7 408/102/7
f 409/103/8 411/104/8 410/105/8
f 409/103/8 410/105/8 412/106/8
usemtl textures/venice_ase_c1/low_basegreen256_w2b
f 413/107/3 415/108/3 414/109/3
f 416/110/3 415/108/3 413/107/3
f 416/110/3 413/107/3 417/111/3
f 416/110/3 418/112/3 415/108/3
f 416/110/3 417/111/3 419/113/3
f 422/114/3 424/115/3 425/116/3
f 422/114/3 425/116/3 423/117/3
f 420/118/3 422/114/3 421/119/3
f 421/119/3 422/114/3 423/117/3
f 420/118/3 424/115/3 422/114/3
f 423/117/3 425/116/3 426/120/3
f 425/116/3 427/121/3 426/120/3
f 425/116/3 433/122/3 427/121/3
f 427/121/3 433/122/3 434/123/3
f 427/121/3 434/123/3 435/124/3
f 427/121/3 435/124/3 436/125/3
f 427/121/3 436/125/3 437/126/3
f 427/121/3 437/126/3 429/127/3
f 427/121/3 429/127/3 428/128/3
f 426/120/3 427/121/3 428/128/3
f 429/127/3 437/126/3 438/129/3
f 437/126/3 439/130/3 438/129/3
f 435/124/3 439/130/3 436/125/3
f 436/125/3 439/130/3 437/126/3
f 428/128/3 442/131/3 443/132/3
f 428/128/3 443/132/3 444/133/3
f 442/131/3 448/134/3 443/132/3
f 442/131/3 447/135/3 448/134/3
f 447/135/3 449/136/3 448/134/3
f 443/132/3 448/134/3 449/136/3
f 447/135/3 450/137/3 449/136/3
f 449/136/3 450/137/3 451/138/3
f 443/132/3 449/136/3 451/138/3
f 443/132/3 451/138/3 452/139/3
f 443/132/3 452/139/3 453/140/3
f 443/132/3 453/140/3 454/141/3
f 443/132/3 454/141/3 444/133/3
f 444/133/3 454/141/3 455/142/3
f 444/133/3 455/142/3 445/143/3
f 444/133/3 445/143/3 446/144/3
f 445/143/3 455/142/3 456/145/3
f 455/142/3 457/146/3 456/145/3
f 454/141/3 457/146/3 455/142/3
f 430/147/3 432/148/3 431/149/3
f 431/149/3 432/148/3 440/150/3
f 430/147/3 441/151/3 432/148/3
f 458/152/1 460/153/1 459/154/1
f 458/152/1 461/155/1 460/153/1
f 462/156/1 461/155/1 458/152/1
f 462/156/1 463/157/1 461/155/1
f 464/158/2 466/159/2 465/160/2
f 467/161/2 466/159/2 464/158/2
f 467/161/2 468/162/2 466/159/2
f 468/162/2 469/163/2 466/159/2
f 468/162/2 470/164/2 469/163/2
f 471/165/3 473/166/3 472/167/3
f 474/168/3 473/166/3 471/165/3
f 474/168/3 471/165/3 475/169/3
f 474/168/3 476/170/3 473/166/3
f 474/168/3 475/169/3 477/171/3
f 478/172/2 482/173/2 480/174/2
f 478/172/2 483/175/2 482/173/2
f 478/172/2 480/174/2 479/176/2
f 478/172/2 479/176/2 481/177/2
f 478/172/2 481/177/2 483/175/2
f 482/173/2 483/175/2 484/178/2
f 480/174/2 482/173/2 488/179/2
f 483/175/2 485/148/2 484/178/2
f 482/173/2 484/178/2 489/180/2
f 484/178/2 490/181/2 489/180/2
f 484/178/2 491/182/2 490/181/2
f 484/178/2 492/183/2 491/182/2
f 484/178/2 493/184/2 492/183/2
f 492/183/2 493/184/2 494/185/2
f 484/178/2 495/151/2 493/184/2
f 484/178/2 485/148/2 495/151/2
f 493/184/2 495/151/2 494/185/2
f 485/148/2 486/147/2 495/151/2
f 485/148/2 487/149/2 486/147/2
f 485/148/2 496/150/2 487/149/2
f 485/148/2 497/186/2 496/150/2
f 485/148/2 498/187/2 497/186/2
f 491/182/2 492/183/2 501/188/2
f 492/183/2 494/185/2 501/188/2
f 496/150/2 497/186/2 502/189/2
f 497/186/2 498/187/2 503/190/2
f 498/187/2 500/191/2 503/190/2
f 498/187/2 499/192/2 500/191/2
f 499/192/2 504/193/2 500/191/2
f 496/150/2 502/189/2 505/194/2
f 502/189/2 506/195/2 505/194/2
f 497/186/2 507/196/2 502/189/2
f 502/189/2 507/196/2 506/195/2
f 497/186/2 503/190/2 508/197/2
f 500/191/2 509/198/2 503/190/2
f 500/191/2 504/193/2 509/198/2
f 504/193/2 510/199/2 509/198/2
f 506/195/2 507/196/2 511/200/2
f 497/186/2 511/200/2 507/196/2
f 497/186/2 512/201/2 511/200/2
f 497/186/2 508/197/2 512/201/2
f 513/202/2 515/203/2 514/204/2
f 516/205/2 515/203/2 513/202/2
f 516/205/2 517/206/2 515/203/2
f 517/206/2 518/207/2 515/203/2
f 517/206/2 519/208/2 518/207/2
f 520/155/4 522/152/4 521/154/4
f 520/155/4 521/154/4 523/153/4
f 524/157/4 522/152/4 520/155/4
f 524/157/4 525/156/4 522/152/4
usemtl textures/venice_ase_c1/low_basegreen256_w1
f 530/209/3 531/210/3 533/211/3
f 530/209/3 532/212/3 531/210/3
f 531/210/3 534/213/3 533/211/3
f 526/214/3 528/215/3 527/216/3
f 527/216/3 528/215/3 529/217/3
f 531/210/3 535/218/3 534/213/3
f 531/210/3 536/219/3 535/218/3
f 531/210/3 537/220/3 536/219/3
f 531/210/3 538/221/3 537/220/3
f 526/214/3 527/216/3 539/222/3
f 531/210/3 540/223/3 538/221/3
f 527/216/3 541/224/3 539/222/3
f 527/216/3 542/225/3 541/224/3
f 527/216/3 529/217/3 568/226/3
f 541/224/3 542/225/3 552/227/3
f 541/224/3 552/227/3 554/228/3
f 552/227/3 553/229/3 554/228/3
f 553/229/3 555/230/3 554/228/3
f 554/228/3 555/230/3 556/231/3
f 542/225/3 557/232/3 552/227/3
f 552/227/3 557/232/3 558/233/3
f 540/223/3 544/210/3 543/221/3
f 543/221/3 544/210/3 545/220/3
f 544/210/3 546/219/3 545/220/3
f 544/210/3 547/218/3 546/219/3
f 544/210/3 548/213/3 547/218/3
f 544/210/3 549/211/3 548/213/3
f 544/210/3 550/209/3 549/211/3
f 544/210/3 551/212/3 550/209/3
f 559/234/3 561/235/3 560/236/3
f 559/234/3 562/237/3 561/235/3
f 561/235/3 562/237/3 563/238/3
f 562/237/3 564/239/3 563/238/3
f 559/234/3 560/236/3 565/240/3
f 563/238/3 564/239/3 569/241/3
f 559/234/3 565/240/3 567/242/3
f 565/240/3 566/243/3 567/242/3
f 566/243/3 570/244/3 567/242/3
f 567/242/3 570/244/3 576/245/3
f 570/244/3 577/246/3 576/245/3
f 576/245/3 577/246/3 594/247/3
f 571/248/3 573/249/3 572/250/3
f 571/248/3 575/251/3 573/249/3
f 571/248/3 574/252/3 575/251/3
f 573/249/3 575/251/3 578/253/3
f 575/251/3 579/254/3 578/253/3
f 578/253/3 579/254/3 580/255/3
f 579/254/3 581/256/3 580/255/3
f 574/252/3 592/257/3 575/251/3
f 574/252/3 593/258/3 592/257/3
f 580/255/3 581/256/3 595/259/3
f 574/252/3 606/260/3 593/258/3
f 593/258/3 606/260/3 605/261/3
f 605/261/3 608/262/3 607/263/3
f 605/261/3 607/263/3 609/264/3
f 605/261/3 609/264/3 610/265/3
f 582/209/3 584/212/3 583/210/3
f 582/209/3 583/210/3 585/211/3
f 583/210/3 586/213/3 585/211/3
f 583/210/3 587/218/3 586/213/3
f 583/210/3 588/219/3 587/218/3
f 583/210/3 589/220/3 588/219/3
f 583/210/3 590/221/3 589/220/3
f 583/210/3 591/223/3 590/221/3
f 591/223/3 597/210/3 596/221/3
f 596/221/3 597/210/3 598/220/3
f 597/210/3 599/219/3 598/220/3
f 597/210/3 600/218/3 599/219/3
f 597/210/3 601/213/3 600/218/3
f 597/210/3 602/211/3 601/213/3
f 597/210/3 603/209/9 602/211/3
f 597/210/3 604/212/9 603/209/9
f 611/266/10 613/267/10 612/268/10
f 611/266/10 614/269/10 613/267/10
f 615/270/1 616/271/1 622/272/1
f 615/270/1 617/273/1 616/271/1
f 618/274/1 620/275/1 619/276/1
f 616/271/1 623/277/1 622/272/1
f 618/274/1 621/278/1 620/275/1
f 619/276/1 620/275/1 624/279/1
f 622/272/1 623/277/1 625/280/1
f 620/275/1 626/281/1 624/279/1
f 620/275/1 627/282/1 626/281/1
f 620/275/1 628/283/1 627/282/1
f 620/275/1 621/278/1 628/283/1
f 629/284/11 631/285/11 630/286/11
f 629/284/11 630/286/11 632/287/11
f 633/285/12 635/284/12 634/287/12
f 633/285/12 634/287/12 636/286/12
f 637/285/13 639/287/13 638/284/13
f 637/285/13 640/286/13 639/287/13
f 641/284/14 643/286/14 642/285/14
f 641/284/14 644/287/14 643/286/14
f 645/284/11 647/285/11 646/286/11
f 645/284/11 646/286/11 648/287/11
f 649/285/12 651/284/12 650/287/12
f 649/285/12 650/287/12 652/286/12
f 653/288/2 656/289/2 655/290/2
f 653/288/2 655/290/2 654/291/2
f 655/290/2 656/289/2 657/292/2
f 658/210/2 660/212/2 659/209/2
f 661/293/15 663/294/2 662/295/15
f 657/292/2 663/294/2 661/293/15
f 658/210/2 659/209/2 664/211/2
f 658/210/2 664/211/2 665/213/2
f 658/210/2 665/213/2 666/218/2
f 658/210/2 666/218/2 667/219/2
f 658/210/2 667/219/2 668/220/2
f 658/210/2 668/220/2 669/221/15
f 658/210/2 669/221/15 671/223/15
f 671/223/15 675/221/15 674/210/2
f 674/210/2 675/221/15 676/220/2
f 674/210/2 676/220/2 677/219/2
f 674/210/2 677/219/2 678/218/2
f 674/210/2 678/218/2 679/213/2
f 674/210/2 679/213/2 680/211/2
f 674/210/2 680/211/2 681/209/2
f 674/210/2 681/209/2 682/212/2
f 662/295/15 663/294/2 670/296/2
f 662/295/15 670/296/2 672/297/2
f 662/295/15 672/297/2 673/298/2
f 672/297/2 689/240/2 673/298/2
f 672/297/2 688/243/2 689/240/2
f 672/297/2 683/299/2 688/243/2
f 672/297/2 684/300/2 683/299/2
f 683/299/2 684/300/2 685/301/2
f 684/300/2 686/302/2 685/301/2
f 685/301/2 686/302/2 687/303/2
f 688/243/2 690/242/2 689/240/2
f 688/243/2 691/244/2 690/242/2
f 689/240/2 690/242/2 692/236/2
f 690/242/2 691/244/2 695/245/2
f 691/244/2 696/246/2 695/245/2
f 695/245/2 696/246/2 697/247/2
f 690/242/2 693/234/2 692/236/2
f 692/236/2 693/234/2 694/235/2
f 693/234/2 698/237/2 694/235/2
f 694/235/2 698/237/2 699/238/2
f 698/237/2 700/239/2 699/238/2
f 692/236/2 694/235/2 701/304/2
f 692/236/2 701/304/2 702/305/2
f 701/304/2 703/306/2 702/305/2
f 701/304/2 704/307/2 703/306/2
f 703/306/2 704/307/2 705/308/2
f 699/238/2 700/239/2 722/241/2
f 692/236/2 702/305/2 719/309/2
f 702/305/2 716/310/2 719/309/2
f 702/305/2 717/311/2 716/310/2
f 716/310/2 717/311/2 718/312/2
f 716/310/2 718/312/2 720/313/2
f 716/310/2 720/313/2 721/314/2
f 703/306/2 705/308/2 723/315/2
f 720/313/2 733/316/2 721/314/2
f 706/210/2 708/212/2 707/209/2
f 706/210/2 707/209/2 709/211/2
f 706/210/2 709/211/2 710/213/2
f 706/210/2 710/213/2 711/218/2
f 706/210/2 711/218/2 712/219/2
f 706/210/2 712/219/2 713/220/2
f 706/210/2 713/220/2 714/221/2
f 706/210/2 714/221/2 715/223/2
f 715/223/15 725/221/15 724/210/2
f 724/210/2 725/221/15 726/220/2
f 724/210/2 726/220/2 727/219/2
f 724/210/2 727/219/2 728/218/2
f 724/210/2 728/218/2 729/213/2
f 724/210/2 729/213/2 730/211/2
f 724/210/2 730/211/2 731/209/2
f 724/210/2 731/209/2 732/212/2
f 734/317/16 736/318/16 735/319/16
f 734/317/16 737/320/16 736/318/16
f 738/321/17 740/322/17 739/323/17
f 738/321/17 739/323/17 741/324/18
f 742/325/19 744/319/19 743/318/19
f 742/325/19 743/318/19 745/326/19
f 746/323/20 748/324/20 747/321/21
f 746/323/20 747/321/21 749/322/22
f 750/327/23 752/326/23 751/325/23
f 750/327/23 751/325/23 753/328/23
f 754/327/24 756/317/24 755/320/24
f 754/327/24 757/328/24 756/317/24
f 762/274/25 763/329/4 764/330/25
f 761/276/4 763/329/4 762/274/25
f 763/329/4 765/278/4 764/330/25
f 758/271/4 760/273/4 759/270/4
f 758/271/4 759/270/4 766/277/4
f 761/276/4 767/279/4 763/329/4
f 763/329/4 767/279/4 768/281/4
f 763/329/4 768/281/4 769/283/4
f 763/329/4 769/283/4 765/278/4
f 759/270/4 770/272/4 766/277/4
f 766/277/4 770/272/4 771/280/4
f 772/267/26 774/266/26 773/269/26
f 772/267/26 775/268/26 774/266/26
usemtl textures/venice_ase_c1/er_white
f 776/331/1 777/332/1 779/333/1
f 777/332/1 784/334/1 779/333/1
f 776/331/1 778/335/1 777/332/1
f 779/333/1 784/334/1 783/336/1
f 780/337/1 782/338/1 781/339/1
f 780/337/1 785/340/1 782/338/1
f 783/336/1 784/334/1 786/341/1
f 782/338/1 785/340/1 788/342/1
f 782/338/1 788/342/1 787/343/1
f 787/343/1 788/342/1 790/344/1
f 787/343/1 790/344/1 789/345/1
f 788/342/1 791/346/1 790/344/1
f 788/342/1 792/347/1 791/346/1
f 793/348/1 795/349/1 794/350/1
f 793/348/1 796/351/1 795/349/1
f 794/350/1 795/349/1 798/352/1
f 795/349/1 797/353/1 798/352/1
f 797/353/1 799/354/1 798/352/1
f 800/355/27 802/356/27 801/357/27
f 800/355/27 801/357/27 803/358/27
f 803/358/27 801/357/27 804/359/27
f 805/360/1 807/361/1 806/362/1
f 805/360/1 808/363/1 807/361/1
f 809/364/28 811/365/28 810/366/28
f 809/364/28 812/367/28 811/365/28
f 813/368/28 812/367/28 809/364/28
f 813/368/28 814/369/28 812/367/28
f 815/370/3 817/371/3 816/372/3
f 815/370/3 818/373/3 817/371/3
f 819/374/28 821/375/28 820/376/28
f 819/374/28 822/377/28 821/375/28
f 823/378/28 822/377/28 819/374/28
f 823/378/28 824/379/28 822/377/28
f 825/380/3 827/381/3 826/382/3
f 825/380/3 826/382/3 828/376/3
f 829/383/29 831/384/29 830/385/29
f 829/383/29 832/386/29 831/384/29
f 834/356/1 835/387/1 837/359/1
f 835/387/1 838/388/1 837/359/1
f 833/389/1 835/387/1 834/356/1
f 833/389/1 836/390/1 835/387/1
f 835/387/1 839/391/1 838/388/1
f 837/359/1 838/388/1 840/392/1
f 841/386/6 843/393/6 842/384/6
f 841/386/6 844/394/6 843/393/6
f 845/370/2 847/371/2 846/373/2
f 845/370/2 848/372/2 847/371/2
f 849/360/4 851/361/4 850/363/4
f 849/360/4 852/362/4 851/361/4
f 853/395/28 855/396/28 854/397/28
f 853/395/28 856/398/28 855/396/28
f 857/399/30 859/400/30 858/401/30
f 857/399/30 858/401/30 860/402/30
f 861/399/31 863/402/31 862/401/31
f 861/399/31 862/401/31 864/400/31
f 865/403/6 872/404/6 867/405/6
f 865/403/6 873/406/6 872/404/6
f 865/403/6 867/405/6 866/383/6
f 868/385/6 870/407/6 869/408/6
f 868/385/6 869/408/6 871/409/6
f 872/404/6 873/406/6 874/410/6
f 869/408/6 880/411/6 871/409/6
f 875/412/6 877/413/6 876/414/6
f 875/412/6 876/414/6 878/415/6
f 876/414/6 879/416/6 878/415/6
f 881/417/32 883/418/32 882/419/32
f 881/417/32 884/420/32 883/418/32
f 885/407/5 887/421/5 886/422/5
f 885/407/5 886/422/5 888/408/5
f 889/423/5 891/424/5 890/405/5
f 889/423/5 890/405/5 895/404/5
f 892/425/5 894/412/5 893/415/5
f 892/425/5 893/415/5 896/426/5
f 897/356/27 899/358/27 898/355/27
f 897/356/27 900/359/27 899/358/27
f 901/420/6 903/411/6 902/418/6
f 901/420/6 904/427/6 903/411/6
f 905/383/6 909/403/6 908/428/6
f 905/383/6 908/428/6 907/408/6
f 908/428/6 909/403/6 910/429/6
f 909/403/6 911/406/6 910/429/6
f 905/383/6 907/408/6 906/427/6
f 910/429/6 911/406/6 912/430/6
f 911/406/6 913/410/6 912/430/6
f 912/430/6 913/410/6 914/431/6
f 917/392/4 918/387/4 920/359/4
f 915/391/4 918/387/4 917/392/4
f 918/387/4 919/390/4 920/359/4
f 919/390/4 921/389/4 920/359/4
f 915/391/4 917/392/4 916/388/4
f 920/359/4 921/389/4 922/356/4
f 923/432/3 925/433/3 924/434/3
f 923/432/3 924/434/3 926/435/3
f 923/432/3 927/436/3 925/433/3
f 928/437/3 930/438/3 929/439/3
f 929/439/3 930/438/3 931/440/3
f 929/439/3 933/441/3 932/442/3
f 925/433/3 927/436/3 934/443/3
f 929/439/3 931/440/3 933/441/3
f 927/436/3 935/444/3 934/443/3
f 934/443/3 935/444/3 936/445/3
f 932/442/3 933/441/3 937/446/3
f 933/441/3 940/447/3 937/446/3
f 937/446/3 940/447/3 939/448/3
f 937/446/3 939/448/3 938/449/3
f 938/449/3 939/448/3 941/450/3
f 939/448/3 942/451/3 941/450/3
f 941/450/3 942/451/3 943/452/3
f 941/450/3 943/452/3 944/453/3
f 943/452/3 945/454/3 944/453/3
f 943/452/3 946/455/3 945/454/3
f 945/454/3 946/455/3 947/456/3
f 945/454/3 947/456/3 948/457/3
f 949/437/3 951/438/3 950/439/3
f 950/439/3 951/438/3 952/440/3
f 950/439/3 952/440/3 953/441/3
f 950/439/3 953/441/3 954/442/3
f 953/441/3 955/446/3 954/442/3
f 953/441/3 956/447/3 955/446/3
f 955/446/3 956/447/3 957/448/3
f 955/446/3 957/448/3 958/449/3
f 957/448/3 959/450/3 958/449/3
f 957/448/3 960/451/3 959/450/3
f 959/450/3 960/451/3 961/452/3
f 959/450/3 961/452/3 962/453/3
f 961/452/3 963/454/3 962/453/3
f 961/452/3 964/455/3 963/454/3
f 963/454/3 964/455/3 965/456/3
f 963/454/3 965/456/3 966/457/3
f 967/458/3 969/459/3 968/460/3
f 967/458/3 970/461/3 969/459/3
f 967/458/3 971/462/3 970/461/3
f 970/461/3 971/462/3 972/463/3
f 971/462/3 973/464/3 972/463/3
f 972/463/3 973/464/3 974/465/3
f 979/466/4 982/467/4 981/468/4
f 979/466/4 981/468/4 980/469/4
f 981/468/4 982/467/4 983/470/4
f 975/471/4 977/472/4 976/473/4
f 975/471/4 976/473/4 978/469/4
f 979/466/4 980/469/4 984/474/4
f 980/469/4 985/475/4 984/474/4
f 986/476/4 988/477/33 987/478/4
f 987/478/4 988/477/33 989/479/33
f 988/477/33 990/480/34 989/479/33
f 988/477/33 991/481/34 990/480/34
f 990/480/34 991/481/34 992/482/35
f 990/480/34 992/482/35 993/483/35
f 994/428/5 998/429/5 997/423/5
f 994/428/5 997/423/5 996/424/5
f 994/428/5 1000/484/5 998/429/5
f 997/423/5 998/429/5 999/485/5
f 994/428/5 996/424/5 995/486/5
f 998/429/5 1000/484/5 1001/487/5
f 1007/488/36 1008/489/37 1009/490/37
f 1006/491/36 1008/489/37 1007/488/36
f 1008/489/37 1010/492/38 1009/490/37
f 1002/493/39 1004/494/40 1003/495/39
f 1002/493/39 1005/496/40 1004/494/40
f 1008/489/37 1011/497/38 1010/492/38
f 1010/492/38 1011/497/38 1012/498/41
f 1010/492/38 1012/498/41 1013/499/41
f 1012/498/41 1014/500/6 1013/499/41
f 1012/498/41 1015/501/6 1014/500/6
f 1016/501/6 1018/500/6 1017/498/42
f 1017/498/42 1018/500/6 1019/499/42
f 1017/498/42 1019/499/42 1020/492/43
f 1017/498/42 1020/492/43 1021/497/43
f 1020/492/43 1022/489/44 1021/497/43
f 1020/492/43 1023/490/44 1022/489/44
f 1022/489/44 1023/490/44 1024/488/45
f 1022/489/44 1024/488/45 1025/491/45
f 1026/496/46 1028/494/46 1027/493/47
f 1027/493/47 1028/494/46 1029/495/47
f 1030/360/1 1032/363/1 1031/361/1
f 1030/360/1 1031/361/1 1033/362/1
f 1034/502/3 1036/503/3 1035/504/3
f 1034/502/3 1037/505/3 1036/503/3
f 1038/506/3 1040/507/3 1039/508/3
f 1038/506/3 1039/508/3 1041/509/3
f 1042/413/29 1044/510/29 1043/511/29
f 1042/413/29 1045/512/29 1044/510/29
f 1046/513/48 1048/514/48 1047/515/48
f 1046/513/48 1047/515/48 1049/516/48
f 1051/387/1 1054/359/1 1053/356/1
f 1051/387/1 1055/388/1 1054/359/1
f 1050/389/1 1051/387/1 1053/356/1
f 1050/389/1 1052/390/1 1051/387/1
f 1051/387/1 1056/391/1 1055/388/1
f 1054/359/1 1055/388/1 1057/392/1
f 1058/512/6 1060/517/6 1059/510/6
f 1058/512/6 1061/518/6 1060/517/6
f 1062/502/2 1064/504/2 1063/503/2
f 1062/502/2 1063/503/2 1065/505/2
f 1066/360/4 1068/361/4 1067/363/4
f 1066/360/4 1069/362/4 1068/361/4
f 1070/519/28 1072/520/28 1071/521/28
f 1070/519/28 1073/522/28 1072/520/28
f 1074/523/32 1076/524/32 1075/525/32
f 1074/523/32 1077/526/32 1076/524/32
f 1082/468/1 1085/466/1 1084/474/1
f 1082/468/1 1086/470/1 1085/466/1
f 1082/468/1 1084/474/1 1083/469/1
f 1078/471/1 1080/469/1 1079/473/1
f 1078/471/1 1079/473/1 1081/472/1
f 1085/466/1 1086/470/1 1087/467/1
f 1083/469/1 1084/474/1 1088/475/1
f 1089/476/1 1091/477/49 1090/478/1
f 1090/478/1 1091/477/49 1092/479/49
f 1091/477/49 1093/480/50 1092/479/49
f 1091/477/49 1094/481/50 1093/480/50
f 1093/480/50 1094/481/50 1095/482/51
f 1093/480/50 1095/482/51 1096/483/51
f 1097/526/6 1099/527/6 1098/524/6
f 1097/526/6 1100/416/6 1099/527/6
f 1103/392/4 1104/387/4 1106/359/4
f 1101/391/4 1104/387/4 1103/392/4
f 1104/387/4 1105/390/4 1106/359/4
f 1105/390/4 1107/389/4 1106/359/4
f 1101/391/4 1103/392/4 1102/388/4
f 1106/359/4 1107/389/4 1108/356/4
f 1109/355/52 1111/359/52 1110/356/52
f 1109/355/52 1112/358/52 1111/359/52
f 1113/357/52 1115/358/52 1114/359/52
f 1116/356/52 1115/358/52 1113/357/52
f 1116/356/52 1117/355/52 1115/358/52
f 1118/528/6 1122/529/6 1121/530/6
f 1118/528/6 1121/530/6 1120/531/6
f 1121/530/6 1122/529/6 1123/532/6
f 1122/529/6 1124/533/6 1123/532/6
f 1118/528/6 1120/531/6 1119/534/6
f 1123/532/6 1124/533/6 1125/535/6
f 1126/536/3 1128/537/3 1127/538/3
f 1126/536/3 1129/539/3 1128/537/3
f 1130/540/3 1129/539/3 1126/536/3
f 1130/540/3 1131/541/3 1129/539/3
f 1132/542/4 1134/543/4 1133/544/4
f 1132/542/4 1133/544/4 1135/545/4
f 1136/542/1 1138/545/1 1137/544/1
f 1136/542/1 1137/544/1 1139/543/1
f 1140/546/53 1142/547/53 1141/548/53
f 1140/546/53 1141/548/53 1143/549/54
f 1144/536/3 1146/537/3 1145/538/3
f 1144/536/3 1147/539/3 1146/537/3
f 1148/540/3 1147/539/3 1144/536/3
f 1148/540/3 1149/541/3 1147/539/3
f 1150/528/6 1154/529/6 1153/530/6
f 1150/528/6 1153/530/6 1152/531/6
f 1153/530/6 1154/529/6 1155/532/6
f 1154/529/6 1156/533/6 1155/532/6
f 1150/528/6 1152/531/6 1151/534/6
f 1155/532/6 1156/533/6 1157/535/6
f 1158/542/4 1160/543/4 1159/544/4
f 1158/542/4 1159/544/4 1161/545/4
f 1162/542/1 1164/544/1 1163/543/1
f 1162/542/1 1165/545/1 1164/544/1
f 1166/550/6 1168/551/6 1167/552/6
f 1166/550/6 1169/553/6 1168/551/6
f 1167/552/6 1168/551/6 1171/554/6
f 1168/551/6 1172/555/6 1171/554/6
f 1168/551/6 1169/553/6 1170/556/6
f 1168/551/6 1173/557/6 1172/555/6
f 1168/551/6 1170/556/6 1174/558/6
f 1168/551/6 1175/559/6 1173/557/6
f 1168/551/6 1174/558/6 1175/559/6
f 1176/536/3 1178/537/3 1177/538/3
f 1176/536/3 1179/539/3 1178/537/3
f 1180/540/3 1179/539/3 1176/536/3
f 1180/540/3 1181/541/3 1179/539/3
f 1182/528/6 1186/529/6 1185/530/6
f 1182/528/6 1185/530/6 1184/531/6
f 1185/530/6 1186/529/6 1187/532/6
f 1186/529/6 1188/533/6 1187/532/6
f 1182/528/6 1184/531/6 1183/534/6
f 1187/532/6 1188/533/6 1189/535/6
f 1190/542/4 1192/544/4 1191/545/4
f 1190/542/4 1193/543/4 1192/544/4
f 1194/542/1 1196/545/1 1195/544/1
f 1194/542/1 1195/544/1 1197/543/1
f 1198/355/27 1200/356/27 1199/357/27
f 1198/355/27 1199/357/27 1201/358/27
f 1201/358/27 1199/357/27 1202/359/27
f 1203/360/1 1205/361/1 1204/362/1
f 1203/360/1 1206/363/1 1205/361/1
f 1207/364/28 1209/365/28 1208/366/28
f 1207/364/28 1210/367/28 1209/365/28
f 1211/368/28 1210/367/28 1207/364/28
f 1211/368/28 1212/369/28 1210/367/28
f 1213/370/3 1215/373/3 1214/371/3
f 1213/370/3 1214/371/3 1216/372/3
f 1217/374/28 1219/375/28 1218/376/28
f 1217/374/28 1220/377/28 1219/375/28
f 1221/378/28 1220/377/28 1217/374/28
f 1221/378/28 1222/379/28 1220/377/28
f 1223/380/3 1225/381/3 1224/382/3
f 1223/380/3 1224/382/3 1226/376/3
f 1227/383/29 1229/384/29 1228/385/29
f 1227/383/29 1230/386/29 1229/384/29
f 1231/560/6 1233/561/6 1232/562/6
f 1231/560/6 1234/563/6 1233/561/6
f 1236/387/1 1239/359/1 1238/356/1
f 1236/387/1 1240/388/1 1239/359/1
f 1235/389/1 1236/387/1 1238/356/1
f 1235/389/1 1237/390/1 1236/387/1
f 1236/387/1 1241/391/1 1240/388/1
f 1239/359/1 1240/388/1 1242/392/1
f 1247/564/2 1249/565/2 1248/566/2
f 1247/564/2 1250/567/2 1249/565/2
f 1243/568/2 1245/569/2 1244/570/2
f 1243/568/2 1246/571/2 1245/569/2
f 1247/564/2 1251/572/2 1252/573/2
f 1247/564/2 1252/573/2 1250/567/2
f 1243/568/2 1253/574/2 1246/571/2
f 1246/571/2 1253/574/2 1254/575/2
f 1251/572/2 1257/576/2 1252/573/2
f 1252/573/2 1257/576/2 1260/577/2
f 1257/576/2 1259/578/2 1260/577/2
f 1257/576/2 1258/579/2 1259/578/2
f 1258/579/2 1261/580/2 1259/578/2
f 1259/578/2 1261/580/2 1262/581/2
f 1261/580/2 1263/582/2 1262/581/2
f 1261/580/2 1264/583/2 1263/582/2
f 1263/582/2 1264/583/2 1265/584/2
f 1263/582/2 1265/584/2 1268/585/2
f 1265/584/2 1267/586/2 1268/585/2
f 1265/584/2 1266/587/2 1267/586/2
f 1253/574/2 1255/588/2 1254/575/2
f 1254/575/2 1255/588/2 1256/589/2
f 1269/564/2 1271/565/2 1270/566/2
f 1269/564/2 1272/567/2 1271/565/2
f 1269/564/2 1273/573/2 1272/567/2
f 1269/564/2 1274/572/2 1273/573/2
f 1273/573/2 1274/572/2 1275/576/2
f 1273/573/2 1275/576/2 1276/577/2
f 1275/576/2 1277/578/2 1276/577/2
f 1275/576/2 1278/579/2 1277/578/2
f 1277/578/2 1278/579/2 1279/580/2
f 1277/578/2 1279/580/2 1280/581/2
f 1279/580/2 1281/582/2 1280/581/2
f 1279/580/2 1282/583/2 1281/582/2
f 1281/582/2 1282/583/2 1283/584/2
f 1281/582/2 1283/584/2 1284/585/2
f 1283/584/2 1285/586/2 1284/585/2
f 1283/584/2 1289/587/2 1285/586/2
f 1286/590/2 1288/591/2 1287/592/2
f 1286/590/2 1287/592/2 1290/593/2
f 1286/590/2 1291/594/2 1288/591/2
f 1288/591/2 1291/594/2 1293/595/2
f 1291/594/2 1292/596/2 1293/595/2
f 1292/596/2 1294/597/2 1293/595/2
f 1295/469/4 1298/468/4 1297/474/4
f 1297/474/4 1298/468/4 1299/466/4
f 1295/469/4 1297/474/4 1296/475/4
f 1298/468/4 1300/470/4 1299/466/4
f 1301/476/4 1303/477/33 1302/478/4
f 1302/478/4 1303/477/33 1304/479/33
f 1299/466/4 1300/470/4 1313/467/4
f 1303/477/33 1305/480/34 1304/479/33
f 1303/477/33 1306/481/34 1305/480/34
f 1305/480/34 1306/481/34 1307/482/35
f 1305/480/34 1307/482/35 1308/483/35
f 1309/469/4 1311/473/4 1310/472/4
f 1309/469/4 1310/472/4 1312/471/4
f 1314/386/6 1316/393/6 1315/384/6
f 1314/386/6 1317/394/6 1316/393/6
f 1318/370/2 1320/372/2 1319/371/2
f 1318/370/2 1319/371/2 1321/373/2
f 1322/360/4 1324/362/4 1323/361/4
f 1322/360/4 1323/361/4 1325/363/4
f 1326/395/28 1328/396/28 1327/397/28
f 1326/395/28 1329/398/28 1328/396/28
f 1335/488/36 1336/489/37 1337/490/37
f 1334/491/36 1336/489/37 1335/488/36
f 1336/489/37 1338/492/38 1337/490/37
f 1330/493/39 1332/494/40 1331/495/39
f 1330/493/39 1333/496/40 1332/494/40
f 1336/489/37 1339/497/38 1338/492/38
f 1338/492/38 1339/497/38 1340/498/41
f 1338/492/38 1340/498/41 1341/499/41
f 1340/498/41 1342/500/6 1341/499/41
f 1340/498/41 1343/501/6 1342/500/6
f 1344/501/6 1346/500/6 1345/498/42
f 1345/498/42 1346/500/6 1347/499/42
f 1345/498/42 1347/499/42 1348/492/43
f 1345/498/42 1348/492/43 1349/497/43
f 1348/492/43 1350/489/44 1349/497/43
f 1348/492/43 1351/490/44 1350/489/44
f 1350/489/44 1351/490/44 1352/488/45
f 1350/489/44 1352/488/45 1353/491/45
f 1354/496/46 1356/494/46 1355/493/47
f 1355/493/47 1356/494/46 1357/495/47
f 1358/399/31 1360/402/31 1359/401/31
f 1358/399/31 1359/401/31 1361/400/31
f 1362/399/30 1364/400/30 1363/401/30
f 1362/399/30 1363/401/30 1365/402/30
f 1366/403/6 1368/405/6 1367/383/6
f 1369/385/6 1371/407/6 1370/408/6
f 1366/403/6 1372/404/6 1368/405/6
f 1366/403/6 1373/598/6 1372/404/6
f 1372/404/6 1373/598/6 1374/599/6
f 1369/385/6 1370/408/6 1380/409/6
f 1370/408/6 1381/411/6 1380/409/6
f 1375/600/6 1377/601/6 1376/602/6
f 1375/600/6 1376/602/6 1378/430/6
f 1376/602/6 1379/603/6 1378/430/6
f 1382/563/55 1384/604/55 1383/561/55
f 1382/563/55 1385/605/55 1384/604/55
f 1386/392/1 1388/391/1 1387/359/1
f 1387/359/1 1388/391/1 1390/387/1
f 1387/359/1 1390/387/1 1391/390/1
f 1387/359/1 1391/390/1 1392/356/1
f 1386/392/1 1389/388/1 1388/391/1
f 1391/390/1 1393/389/1 1392/356/1
f 1394/417/32 1396/418/32 1395/419/32
f 1394/417/32 1397/420/32 1396/418/32
f 1398/358/27 1400/359/27 1399/357/27
f 1398/358/27 1399/357/27 1401/355/27
f 1401/355/27 1399/357/27 1402/356/27
f 1403/606/56 1405/607/56 1404/608/56
f 1403/606/56 1406/609/56 1405/607/56
f 1407/407/5 1409/421/5 1408/422/5
f 1407/407/5 1408/422/5 1410/408/5
f 1411/610/5 1413/424/5 1412/405/5
f 1411/610/5 1412/405/5 1414/404/5
f 1415/611/5 1417/600/5 1416/430/5
f 1415/611/5 1416/430/5 1418/612/5
f 1419/356/27 1421/358/27 1420/355/27
f 1419/356/27 1422/359/27 1421/358/27
f 1423/613/6 1425/614/6 1424/615/6
f 1423/613/6 1426/616/6 1425/614/6
f 1429/387/4 1430/392/4 1431/359/4
f 1429/387/4 1431/359/4 1432/389/4
f 1427/388/4 1430/392/4 1429/387/4
f 1427/388/4 1429/387/4 1428/391/4
f 1429/387/4 1432/389/4 1433/390/4
f 1431/359/4 1434/356/4 1432/389/4
f 1435/363/1 1437/362/1 1436/361/1
f 1435/363/1 1438/360/1 1437/362/1
f 1439/617/3 1441/618/3 1440/619/3
f 1439/617/3 1440/619/3 1442/620/3
f 1443/399/57 1445/401/57 1444/402/57
f 1443/399/57 1446/400/57 1445/401/57
f 1447/621/6 1450/622/6 1449/600/6
f 1447/621/6 1449/600/6 1448/623/6
f 1449/600/6 1450/622/6 1451/430/6
f 1452/404/6 1454/406/6 1453/410/6
f 1452/404/6 1455/403/6 1454/406/6
f 1452/404/6 1456/405/6 1455/403/6
f 1455/403/6 1456/405/6 1457/383/6
f 1458/407/6 1460/409/6 1459/385/6
f 1458/407/6 1461/408/6 1460/409/6
f 1460/409/6 1461/408/6 1462/411/6
f 1463/359/27 1465/356/27 1464/355/27
f 1463/359/27 1464/355/27 1466/358/27
f 1467/430/6 1471/429/6 1470/406/6
f 1467/430/6 1470/406/6 1469/410/6
f 1470/406/6 1471/429/6 1472/403/6
f 1471/429/6 1473/428/6 1472/403/6
f 1467/430/6 1469/410/6 1468/431/6
f 1472/403/6 1473/428/6 1474/383/6
f 1473/428/6 1475/408/6 1474/383/6
f 1474/383/6 1475/408/6 1476/427/6
f 1477/430/5 1479/624/5 1478/625/5
f 1477/430/5 1478/625/5 1480/600/5
f 1484/422/5 1486/407/5 1485/421/5
f 1484/422/5 1487/408/5 1486/407/5
f 1481/424/5 1483/404/5 1482/423/5
f 1481/424/5 1488/405/5 1483/404/5
f 1489/423/5 1492/428/5 1491/429/5
f 1491/429/5 1492/428/5 1493/484/5
f 1489/423/5 1494/424/5 1492/428/5
f 1489/423/5 1491/429/5 1490/485/5
f 1492/428/5 1494/424/5 1495/486/5
f 1491/429/5 1493/484/5 1496/487/5
f 1497/420/6 1499/411/6 1498/418/6
f 1497/420/6 1500/427/6 1499/411/6
f 1501/616/58 1503/626/58 1502/614/58
f 1501/616/58 1504/627/58 1503/626/58
f 1505/383/6 1509/403/6 1508/428/6
f 1505/383/6 1508/428/6 1507/408/6
f 1508/428/6 1509/403/6 1510/628/6
f 1509/403/6 1511/598/6 1510/628/6
f 1505/383/6 1507/408/6 1506/427/6
f 1510/628/6 1511/598/6 1512/629/6
f 1511/598/6 1513/599/6 1512/629/6
f 1512/629/6 1513/599/6 1514/630/6
f 1515/367/56 1517/368/56 1516/369/56
f 1515/367/56 1518/364/56 1517/368/56
f 1519/365/56 1520/366/56 1518/364/56
f 1519/365/56 1518/364/56 1515/367/56
f 1521/617/2 1523/620/2 1522/619/2
f 1521/617/2 1522/619/2 1524/618/2
f 1525/367/56 1527/368/56 1526/369/56
f 1525/367/56 1528/364/56 1527/368/56
f 1529/365/56 1528/364/56 1525/367/56
f 1529/365/56 1530/366/56 1528/364/56
f 1531/631/2 1533/632/2 1532/633/2
f 1531/631/2 1534/634/2 1533/632/2
f 1535/363/4 1537/362/4 1536/360/4
f 1535/363/4 1538/361/4 1537/362/4
f 1541/392/4 1542/387/4 1543/359/4
f 1539/391/4 1542/387/4 1541/392/4
f 1542/387/4 1544/390/4 1543/359/4
f 1543/359/4 1544/390/4 1545/389/4
f 1539/391/4 1541/392/4 1540/388/4
f 1543/359/4 1545/389/4 1546/356/4
f 1547/635/3 1551/636/3 1549/637/3
f 1547/635/3 1549/637/3 1548/638/3
f 1549/637/3 1551/636/3 1552/639/3
f 1547/635/3 1548/638/3 1550/640/3
f 1551/636/3 1553/641/3 1552/639/3
f 1552/639/3 1553/641/3 1560/642/3
f 1554/587/3 1556/586/3 1555/584/3
f 1555/584/3 1556/586/3 1557/585/3
f 1555/584/3 1557/585/3 1559/582/3
f 1555/584/3 1559/582/3 1558/583/3
f 1558/583/3 1559/582/3 1561/580/3
f 1559/582/3 1564/581/3 1561/580/3
f 1561/580/3 1564/581/3 1563/578/3
f 1561/580/3 1563/578/3 1562/579/3
f 1562/579/3 1563/578/3 1565/576/3
f 1563/578/3 1566/577/3 1565/576/3
f 1565/576/3 1566/577/3 1567/573/3
f 1565/576/3 1567/573/3 1568/572/3
f 1567/573/3 1569/564/3 1568/572/3
f 1567/573/3 1572/567/3 1569/564/3
f 1569/564/3 1572/567/3 1571/565/3
f 1569/564/3 1571/565/3 1570/566/3
f 1573/587/3 1575/586/3 1574/584/3
f 1574/584/3 1575/586/3 1576/585/3
f 1574/584/3 1576/585/3 1577/582/3
f 1574/584/3 1577/582/3 1578/583/3
f 1577/582/3 1579/580/3 1578/583/3
f 1577/582/3 1580/581/3 1579/580/3
f 1579/580/3 1580/581/3 1581/578/3
f 1579/580/3 1581/578/3 1582/579/3
f 1581/578/3 1583/576/3 1582/579/3
f 1581/578/3 1584/577/3 1583/576/3
f 1583/576/3 1584/577/3 1585/573/3
f 1583/576/3 1585/573/3 1586/572/3
f 1585/573/3 1587/564/3 1586/572/3
f 1585/573/3 1588/567/3 1587/564/3
f 1587/564/3 1588/567/3 1589/565/3
f 1587/564/3 1589/565/3 1590/566/3
f 1591/643/3 1593/644/3 1592/645/3
f 1591/643/3 1594/646/3 1593/644/3
f 1591/643/3 1595/647/3 1594/646/3
f 1594/646/3 1595/647/3 1596/648/3
f 1595/647/3 1597/649/3 1596/648/3
f 1596/648/3 1597/649/3 1598/650/3
f 1603/466/4 1605/468/4 1604/469/4
f 1603/466/4 1607/467/4 1605/468/4
f 1599/471/4 1601/472/4 1600/473/4
f 1599/471/4 1600/473/4 1602/469/4
f 1603/466/4 1604/469/4 1606/474/4
f 1605/468/4 1607/467/4 1608/470/4
f 1604/469/4 1612/475/4 1606/474/4
f 1609/476/4 1611/477/33 1610/478/4
f 1610/478/4 1611/477/33 1613/479/33
f 1611/477/33 1614/480/34 1613/479/33
f 1611/477/33 1615/481/34 1614/480/34
f 1614/480/34 1615/481/34 1616/482/35
f 1614/480/34 1616/482/35 1617/483/35
f 1618/428/5 1621/610/5 1620/424/5
f 1618/428/5 1622/628/5 1621/610/5
f 1618/428/5 1620/424/5 1619/486/5
f 1618/428/5 1625/484/5 1624/429/5
f 1621/610/5 1622/628/5 1623/651/5
f 1624/429/5 1625/484/5 1626/487/5
f 1632/488/36 1633/489/37 1634/490/37
f 1631/491/36 1633/489/37 1632/488/36
f 1633/489/37 1635/492/38 1634/490/37
f 1627/493/39 1629/494/40 1628/495/39
f 1627/493/39 1630/496/40 1629/494/40
f 1633/489/37 1636/497/38 1635/492/38
f 1635/492/38 1636/497/38 1637/498/41
f 1635/492/38 1637/498/41 1638/499/41
f 1637/498/41 1639/500/6 1638/499/41
f 1637/498/41 1640/501/6 1639/500/6
f 1641/501/6 1643/500/6 1642/498/42
f 1642/498/42 1643/500/6 1644/499/42
f 1642/498/42 1644/499/42 1645/492/43
f 1642/498/42 1645/492/43 1646/497/43
f 1645/492/43 1647/489/44 1646/497/43
f 1645/492/43 1648/490/44 1647/489/44
f 1647/489/44 1648/490/44 1649/488/45
f 1647/489/44 1649/488/45 1650/491/59
f 1651/496/46 1653/494/46 1652/493/47
f 1652/493/47 1653/494/46 1654/495/47
f 1655/480/50 1659/477/49 1658/481/50
f 1655/480/50 1660/479/49 1659/477/49
f 1655/480/50 1658/481/50 1657/482/51
f 1655/480/50 1657/482/51 1656/483/51
f 1659/477/49 1660/479/49 1661/478/1
f 1659/477/49 1661/478/1 1662/476/1
f 1663/474/1 1665/469/1 1664/475/1
f 1663/474/1 1666/466/1 1665/469/1
f 1665/469/1 1666/466/1 1668/468/1
f 1666/466/1 1667/467/1 1668/468/1
f 1667/467/1 1669/470/1 1668/468/1
f 1670/469/1 1672/472/1 1671/473/1
f 1670/469/1 1673/471/1 1672/472/1
f 1674/360/1 1676/363/1 1675/361/1
f 1674/360/1 1675/361/1 1677/362/1
f 1678/502/3 1680/505/3 1679/503/3
f 1678/502/3 1679/503/3 1681/504/3
f 1682/506/3 1684/507/3 1683/508/3
f 1682/506/3 1683/508/3 1685/509/3
f 1686/652/29 1688/616/29 1687/627/29
f 1686/652/29 1689/653/29 1688/616/29
f 1690/401/48 1692/399/48 1691/400/48
f 1690/401/48 1693/402/48 1692/399/48
f 1694/411/6 1696/420/6 1695/427/6
f 1694/411/6 1697/418/6 1696/420/6
f 1699/356/1 1700/387/1 1702/359/1
f 1700/387/1 1703/388/1 1702/359/1
f 1698/389/1 1700/387/1 1699/356/1
f 1698/389/1 1701/390/1 1700/387/1
f 1700/387/1 1704/391/1 1703/388/1
f 1702/359/1 1703/388/1 1705/392/1
f 1706/653/6 1708/613/6 1707/616/6
f 1706/653/6 1709/615/6 1708/613/6
f 1710/502/2 1712/504/2 1711/503/2
f 1710/502/2 1711/503/2 1713/505/2
f 1714/360/4 1716/362/4 1715/361/4
f 1714/360/4 1715/361/4 1717/363/4
f 1718/519/28 1720/520/28 1719/521/28
f 1718/519/28 1721/522/28 1720/520/28
f 1722/418/55 1724/417/55 1723/420/55
f 1722/418/55 1725/419/55 1724/417/55
f 1726/392/1 1727/391/1 1729/359/1
f 1727/391/1 1730/387/1 1729/359/1
f 1729/359/1 1730/387/1 1731/390/1
f 1729/359/1 1731/390/1 1732/356/1
f 1726/392/1 1728/388/1 1727/391/1
f 1731/390/1 1733/389/1 1732/356/1
f 1734/604/32 1736/563/32 1735/605/32
f 1734/604/32 1737/561/32 1736/563/32
f 1738/654/56 1740/655/56 1739/656/56
f 1738/654/56 1741/657/56 1740/655/56
f 1746/468/1 1749/466/1 1748/474/1
f 1746/468/1 1750/470/1 1749/466/1
f 1746/468/1 1748/474/1 1747/469/1
f 1742/471/1 1744/469/1 1743/473/1
f 1742/471/1 1743/473/1 1745/472/1
f 1749/466/1 1750/470/1 1751/467/1
f 1747/469/1 1748/474/1 1752/475/1
f 1753/476/1 1755/477/49 1754/478/1
f 1754/478/1 1755/477/49 1756/479/49
f 1755/477/49 1757/480/50 1756/479/49
f 1755/477/49 1758/481/50 1757/480/50
f 1757/480/50 1758/481/50 1759/482/51
f 1757/480/50 1759/482/51 1760/483/51
f 1761/393/6 1763/386/6 1762/394/6
f 1761/393/6 1764/384/6 1763/386/6
f 1767/387/4 1768/392/4 1771/359/4
f 1767/387/4 1771/359/4 1770/389/4
f 1765/388/4 1768/392/4 1767/387/4
f 1765/388/4 1767/387/4 1766/391/4
f 1767/387/4 1770/389/4 1769/390/4
f 1770/389/4 1771/359/4 1772/356/4
f 1773/363/1 1775/360/1 1774/362/1
f 1773/363/1 1774/362/1 1776/361/1
f 1777/658/3 1779/659/3 1778/660/3
f 1777/658/3 1780/241/3 1779/659/3
f 1781/561/6 1783/560/6 1782/563/6
f 1781/561/6 1784/661/6 1783/560/6
f 1785/384/58 1787/383/58 1786/386/58
f 1785/384/58 1788/385/58 1787/383/58
f 1789/658/2 1791/659/2 1790/241/2
f 1789/658/2 1792/660/2 1791/659/2
f 1793/662/2 1795/366/2 1794/663/2
f 1793/662/2 1796/664/2 1795/366/2
f 1797/363/4 1799/361/4 1798/362/4
f 1797/363/4 1798/362/4 1800/360/4
f 1801/358/52 1803/356/52 1802/359/52
f 1801/358/52 1804/355/52 1803/356/52
f 1807/392/4 1808/387/4 1810/359/4
f 1805/391/4 1808/387/4 1807/392/4
f 1808/387/4 1809/390/4 1810/359/4
f 1809/390/4 1811/389/4 1810/359/4
f 1805/391/4 1807/392/4 1806/388/4
f 1810/359/4 1811/389/4 1812/356/4
f 1813/355/52 1815/359/52 1814/356/52
f 1813/355/52 1816/358/52 1815/359/52
f 1817/357/52 1819/358/52 1818/359/52
f 1820/356/52 1819/358/52 1817/357/52
f 1820/356/52 1821/355/52 1819/358/52
f 1822/401/31 1824/399/31 1823/400/31
f 1822/401/31 1825/402/31 1824/399/31
f 1826/401/30 1828/399/30 1827/402/30
f 1826/401/30 1829/400/30 1828/399/30
f 1830/357/52 1832/355/52 1831/356/52
f 1833/359/52 1832/355/52 1830/357/52
f 1833/359/52 1834/358/52 1832/355/52
f 1835/532/6 1839/530/6 1838/529/6
f 1835/532/6 1838/529/6 1837/533/6
f 1838/529/6 1839/530/6 1840/528/6
f 1839/530/6 1841/531/6 1840/528/6
f 1835/532/6 1837/533/6 1836/535/6
f 1840/528/6 1841/531/6 1842/534/6
f 1843/665/2 1845/666/2 1844/496/2
f 1843/665/2 1846/667/2 1845/666/2
f 1847/668/2 1846/667/2 1843/665/2
f 1847/668/2 1848/669/2 1846/667/2
f 1849/545/4 1851/544/4 1850/543/4
f 1849/545/4 1850/543/4 1852/542/4
f 1853/670/3 1855/671/3 1854/672/3
f 1853/670/3 1854/672/3 1856/673/3
f 1858/348/4 1859/350/4 1861/674/4
f 1857/351/4 1859/350/4 1858/348/4
f 1857/351/4 1860/349/4 1859/350/4
f 1859/350/4 1860/349/4 1862/675/4
f 1858/348/4 1861/674/4 1863/676/4
f 1861/674/4 1862/675/4 1864/677/4
f 1861/674/4 1864/677/4 1865/341/4
f 1861/674/4 1865/341/4 1863/676/4
f 1859/350/4 1862/675/4 1861/674/4
f 1863/676/4 1865/341/4 1866/334/60
f 1865/341/4 1870/333/4 1866/334/60
f 1866/334/60 1870/333/4 1868/332/4
f 1866/334/60 1868/332/4 1867/678/4
f 1863/676/4 1866/334/60 1867/678/4
f 1867/678/4 1868/332/4 1869/335/4
f 1868/332/4 1870/333/4 1869/335/4
f 1869/335/4 1870/333/4 1871/331/4
f 1865/341/4 1872/336/4 1870/333/4
f 1873/545/1 1875/543/1 1874/544/1
f 1873/545/1 1876/542/1 1875/543/1
f 1877/532/6 1881/530/6 1880/529/6
f 1877/532/6 1880/529/6 1879/533/6
f 1880/529/6 1881/530/6 1882/528/6
f 1881/530/6 1883/531/6 1882/528/6
f 1877/532/6 1879/533/6 1878/535/6
f 1882/528/6 1883/531/6 1884/534/6
f 1885/665/2 1887/666/2 1886/496/2
f 1885/665/2 1888/667/2 1887/666/2
f 1889/668/2 1888/667/2 1885/665/2
f 1889/668/2 1890/669/2 1888/667/2
f 1891/545/4 1893/544/4 1892/543/4
f 1891/545/4 1892/543/4 1894/542/4
f 1895/545/1 1897/543/1 1896/544/1
f 1895/545/1 1898/542/1 1897/543/1
f 1899/679/61 1901/680/6 1900/681/6
f 1899/679/61 1903/682/6 1901/680/6
f 1901/680/6 1903/682/6 1904/683/6
f 1900/681/6 1901/680/6 1902/684/6
f 1901/680/6 1904/683/6 1905/685/6
f 1901/680/6 1905/685/6 1906/686/6
f 1901/680/6 1906/686/6 1907/687/6
f 1901/680/6 1908/688/6 1902/684/6
f 1901/680/6 1907/687/6 1908/688/6
f 1909/689/55 1911/690/55 1910/691/55
f 1909/689/55 1912/692/55 1911/690/55
f 1913/532/6 1917/530/6 1916/529/6
f 1913/532/6 1916/529/6 1915/533/6
f 1916/529/6 1917/530/6 1918/528/6
f 1917/530/6 1919/531/6 1918/528/6
f 1913/532/6 1915/533/6 1914/535/6
f 1918/528/6 1919/531/6 1920/534/6
f 1921/665/2 1923/666/2 1922/496/2
f 1921/665/2 1924/667/2 1923/666/2
f 1925/668/2 1924/667/2 1921/665/2
f 1925/668/2 1926/669/2 1924/667/2
f 1927/545/4 1929/543/4 1928/542/4
f 1927/545/4 1930/544/4 1929/543/4
f 1931/545/1 1933/543/1 1932/544/1
f 1931/545/1 1934/542/1 1933/543/1
f 1935/693/6 1937/694/6 1936/695/6
f 1935/693/6 1938/696/6 1937/694/6
f 1939/697/53 1941/698/53 1940/699/53
f 1939/697/53 1940/699/53 1942/700/53
f 1943/560/6 1945/561/6 1944/562/6
f 1943/560/6 1946/563/6 1945/561/6
f 1947/701/2 1951/702/2 1950/703/2
f 1947/701/2 1950/703/2 1949/704/2
f 1950/703/2 1951/702/2 1952/705/2
f 1951/702/2 1953/706/2 1952/705/2
f 1947/701/2 1949/704/2 1948/707/2
f 1952/705/2 1953/706/2 1954/708/2
f 1955/454/2 1957/456/2 1956/457/2
f 1955/454/2 1958/455/2 1957/456/2
f 1955/454/2 1960/452/2 1958/455/2
f 1955/454/2 1959/453/2 1960/452/2
f 1959/453/2 1961/450/2 1960/452/2
f 1960/452/2 1961/450/2 1964/451/2
f 1961/450/2 1963/448/2 1964/451/2
f 1961/450/2 1962/449/2 1963/448/2
f 1962/449/2 1965/446/2 1963/448/2
f 1963/448/2 1965/446/2 1966/447/2
f 1965/446/2 1967/441/2 1966/447/2
f 1965/446/2 1968/442/2 1967/441/2
f 1967/441/2 1968/442/2 1969/439/2
f 1967/441/2 1969/439/2 1970/440/2
f 1969/439/2 1971/438/2 1970/440/2
f 1969/439/2 1972/437/2 1971/438/2
f 1973/454/2 1975/456/2 1974/457/2
f 1973/454/2 1976/455/2 1975/456/2
f 1973/454/2 1977/452/2 1976/455/2
f 1973/454/2 1978/453/2 1977/452/2
f 1977/452/2 1978/453/2 1979/450/2
f 1977/452/2 1979/450/2 1980/451/2
f 1979/450/2 1981/448/2 1980/451/2
f 1979/450/2 1982/449/2 1981/448/2
f 1981/448/2 1982/449/2 1983/446/2
f 1981/448/2 1983/446/2 1984/447/2
f 1983/446/2 1985/441/2 1984/447/2
f 1983/446/2 1986/442/2 1985/441/2
f 1985/441/2 1986/442/2 1987/439/2
f 1985/441/2 1987/439/2 1988/440/2
f 1987/439/2 1989/438/2 1988/440/2
f 1987/439/2 1990/437/2 1989/438/2
f 1991/709/2 1993/710/2 1992/711/2
f 1991/709/2 1995/712/2 1993/710/2
f 1991/709/2 1994/713/2 1995/712/2
f 1994/713/2 1996/714/2 1995/712/2
f 1994/713/2 1997/715/2 1996/714/2
f 1996/714/2 1997/715/2 1998/716/2
f 2001/474/4 2002/468/4 2003/466/4
f 1999/469/4 2002/468/4 2001/474/4
f 2002/468/4 2004/470/4 2003/466/4
f 1999/469/4 2001/474/4 2000/475/4
f 2003/466/4 2004/470/4 2005/467/4
f 2006/476/4 2008/477/33 2007/478/4
f 2007/478/4 2008/477/33 2009/479/33
f 2008/477/33 2010/480/34 2009/479/33
f 2008/477/33 2011/481/34 2010/480/34
f 2010/480/34 2011/481/34 2012/482/35
f 2010/480/34 2012/482/35 2013/483/35
f 2014/469/4 2016/473/4 2015/472/4
f 2014/469/4 2015/472/4 2017/471/4
f 2023/488/36 2024/489/37 2025/490/62
f 2022/491/36 2024/489/37 2023/488/36
f 2024/489/37 2026/492/38 2025/490/62
f 2018/493/39 2020/494/40 2019/495/63
f 2018/493/39 2021/496/40 2020/494/40
f 2024/489/37 2027/497/38 2026/492/38
f 2026/492/38 2027/497/38 2028/498/41
f 2026/492/38 2028/498/41 2029/499/41
f 2028/498/41 2030/500/6 2029/499/41
f 2028/498/41 2031/501/6 2030/500/6
f 2032/501/6 2034/500/6 2033/498/42
f 2033/498/42 2034/500/6 2035/499/42
f 2033/498/42 2035/499/42 2036/492/43
f 2033/498/42 2036/492/43 2037/497/43
f 2036/492/43 2038/489/44 2037/497/43
f 2036/492/43 2039/490/44 2038/489/44
f 2038/489/44 2039/490/44 2040/488/59
f 2038/489/44 2040/488/59 2041/491/45
f 2042/496/59 2044/494/59 2043/493/47
f 2043/493/47 2044/494/59 2045/495/47
f 2046/563/55 2048/604/55 2047/561/55
f 2046/563/55 2049/605/55 2048/604/55
f 2050/392/1 2052/391/1 2051/359/1
f 2051/359/1 2052/391/1 2054/387/1
f 2051/359/1 2054/387/1 2055/390/1
f 2051/359/1 2055/390/1 2056/356/1
f 2050/392/1 2053/388/1 2052/391/1
f 2055/390/1 2057/389/1 2056/356/1
f 2058/358/27 2060/359/27 2059/357/27
f 2058/358/27 2059/357/27 2061/355/27
f 2061/355/27 2059/357/27 2062/356/27
f 2063/606/56 2065/607/56 2064/608/56
f 2063/606/56 2066/609/56 2065/607/56
f 2067/613/6 2069/614/6 2068/615/6
f 2067/613/6 2070/616/6 2069/614/6
f 2073/387/4 2074/392/4 2077/359/4
f 2073/387/4 2077/359/4 2076/389/4
f 2071/388/4 2074/392/4 2073/387/4
f 2071/388/4 2073/387/4 2072/391/4
f 2073/387/4 2076/389/4 2075/390/4
f 2076/389/4 2077/359/4 2078/356/4
f 2079/363/1 2081/360/1 2080/362/1
f 2079/363/1 2080/362/1 2082/361/1
f 2083/617/3 2085/619/3 2084/620/3
f 2083/617/3 2086/618/3 2085/619/3
f 2087/717/6 2090/562/6 2089/718/6
f 2087/717/6 2089/718/6 2088/626/6
f 2089/718/6 2090/562/6 2091/719/6
f 2092/404/6 2094/406/6 2093/410/6
f 2092/404/6 2095/403/6 2094/406/6
f 2092/404/6 2096/405/6 2095/403/6
f 2095/403/6 2096/405/6 2097/383/6
f 2098/407/6 2100/409/6 2099/385/6
f 2098/407/6 2101/408/6 2100/409/6
f 2100/409/6 2101/408/6 2102/411/6
f 2103/399/57 2105/400/57 2104/401/57
f 2103/399/57 2104/401/57 2106/402/57
f 2107/359/27 2109/356/27 2108/355/27
f 2107/359/27 2108/355/27 2110/358/27
f 2111/430/6 2115/429/6 2114/406/6
f 2111/430/6 2114/406/6 2113/410/6
f 2114/406/6 2115/429/6 2116/403/6
f 2115/429/6 2117/428/6 2116/403/6
f 2111/430/6 2113/410/6 2112/431/6
f 2116/403/6 2117/428/6 2118/383/6
f 2117/428/6 2119/408/6 2118/383/6
f 2118/383/6 2119/408/6 2120/427/6
f 2121/719/5 2123/720/5 2122/718/5
f 2121/719/5 2124/721/5 2123/720/5
f 2125/424/5 2127/404/5 2126/423/5
f 2125/424/5 2128/405/5 2127/404/5
f 2129/422/5 2131/407/5 2130/421/5
f 2129/422/5 2132/408/5 2131/407/5
f 2133/423/5 2136/428/5 2135/429/5
f 2135/429/5 2136/428/5 2137/484/5
f 2133/423/5 2138/424/5 2136/428/5
f 2133/423/5 2135/429/5 2134/485/5
f 2136/428/5 2138/424/5 2139/486/5
f 2135/429/5 2137/484/5 2140/487/5
f 2141/616/58 2143/626/58 2142/614/58
f 2141/616/58 2144/627/58 2143/626/58
f 2145/367/56 2147/368/56 2146/369/56
f 2145/367/56 2148/364/56 2147/368/56
f 2149/365/56 2148/364/56 2145/367/56
f 2149/365/56 2150/366/56 2148/364/56
f 2151/617/2 2153/619/2 2152/618/2
f 2151/617/2 2154/620/2 2153/619/2
f 2155/367/56 2157/368/56 2156/369/56
f 2155/367/56 2158/364/56 2157/368/56
f 2159/365/56 2160/366/56 2158/364/56
f 2159/365/56 2158/364/56 2155/367/56
f 2161/631/2 2163/634/2 2162/632/2
f 2161/631/2 2162/632/2 2164/633/2
f 2165/363/4 2167/362/4 2166/360/4
f 2165/363/4 2168/361/4 2167/362/4
f 2169/480/50 2173/477/49 2172/481/50
f 2169/480/50 2174/479/49 2173/477/49
f 2169/480/50 2172/481/50 2171/482/51
f 2169/480/50 2171/482/51 2170/483/51
f 2173/477/49 2174/479/49 2175/478/1
f 2173/477/49 2175/478/1 2176/476/1
f 2177/474/1 2179/469/1 2178/475/1
f 2177/474/1 2180/466/1 2179/469/1
f 2179/469/1 2180/466/1 2182/468/1
f 2180/466/1 2181/467/1 2182/468/1
f 2181/467/1 2183/470/1 2182/468/1
f 2184/469/1 2186/472/1 2185/473/1
f 2184/469/1 2187/471/1 2186/472/1
f 2188/411/6 2190/420/6 2189/427/6
f 2188/411/6 2191/418/6 2190/420/6
f 2192/418/55 2194/417/55 2193/420/55
f 2192/418/55 2195/419/55 2194/417/55
f 2196/392/1 2197/391/1 2199/359/1
f 2197/391/1 2200/387/1 2199/359/1
f 2199/359/1 2200/387/1 2201/390/1
f 2199/359/1 2201/390/1 2202/356/1
f 2196/392/1 2198/388/1 2197/391/1
f 2201/390/1 2203/389/1 2202/356/1
f 2204/654/56 2206/655/56 2205/656/56
f 2204/654/56 2207/657/56 2206/655/56
f 2208/393/6 2210/386/6 2209/394/6
f 2208/393/6 2211/384/6 2210/386/6
f 2214/387/4 2215/392/4 2216/359/4
f 2214/387/4 2216/359/4 2217/389/4
f 2212/388/4 2215/392/4 2214/387/4
f 2212/388/4 2214/387/4 2213/391/4
f 2214/387/4 2217/389/4 2218/390/4
f 2216/359/4 2219/356/4 2217/389/4
f 2220/363/1 2222/360/1 2221/362/1
f 2220/363/1 2221/362/1 2223/361/1
f 2224/658/3 2226/241/3 2225/659/3
f 2224/658/3 2225/659/3 2227/660/3
f 2228/384/58 2230/383/58 2229/386/58
f 2228/384/58 2231/385/58 2230/383/58
f 2232/658/2 2234/660/2 2233/659/2
f 2232/658/2 2233/659/2 2235/241/2
f 2236/662/2 2238/664/2 2237/366/2
f 2236/662/2 2237/366/2 2239/663/2
f 2240/363/4 2242/362/4 2241/360/4
f 2240/363/4 2243/361/4 2242/362/4
f 2244/358/52 2246/356/52 2245/359/52
f 2244/358/52 2247/355/52 2246/356/52
f 2248/401/30 2250/400/30 2249/399/30
f 2248/401/30 2249/399/30 2251/402/30
f 2252/401/31 2254/402/31 2253/399/31
f 2252/401/31 2253/399/31 2255/400/31
f 2256/357/52 2258/355/52 2257/356/52
f 2259/359/52 2258/355/52 2256/357/52
f 2259/359/52 2260/358/52 2258/355/52
f 2261/722/32 2263/723/32 2262/724/32
f 2261/722/32 2264/725/32 2263/723/32
f 2265/726/2 2267/727/2 2266/728/2
f 2265/726/2 2266/728/2 2268/729/2
usemtl textures/venice_ase_c1/concrete_c07bcmp_sand
f 2269/730/5 2272/731/5 2273/732/5
f 2269/730/5 2270/733/5 2272/731/5
f 2272/731/5 2274/734/5 2273/732/5
f 2273/732/5 2274/734/5 2275/735/5
f 2269/730/5 2271/736/5 2270/733/5
f 2272/731/5 2278/737/5 2274/734/5
f 2274/734/5 2276/738/5 2275/735/5
f 2274/734/5 2278/737/5 2277/739/5
f 2279/740/5 2281/741/5 2280/742/5
f 2279/740/5 2280/742/5 2282/743/5
f 2283/744/5 2285/745/5 2284/746/5
f 2283/744/5 2284/746/5 2286/747/5
f 2287/748/5 2289/749/5 2288/750/5
f 2287/748/5 2288/750/5 2290/751/5
f 2291/752/5 2293/753/5 2292/754/5
f 2291/752/5 2292/754/5 2294/755/5
f 2295/756/5 2297/757/5 2296/758/5
f 2295/756/5 2296/758/5 2298/759/5
f 2298/759/5 2300/760/5 2299/761/5
f 2298/759/5 2296/758/5 2300/760/5
f 2301/762/5 2303/763/5 2302/764/5
f 2301/762/5 2302/764/5 2304/765/5
f 2305/766/5 2307/767/5 2306/768/5
f 2305/766/5 2306/768/5 2308/769/5
f 2309/770/5 2311/771/5 2310/772/5
f 2309/770/5 2310/772/5 2312/773/5
usemtl textures/venice_ase_c1/trim_c03b
f 2313/774/59 2315/775/59 2314/776/59
f 2313/774/59 2316/777/59 2315/775/59
f 2317/778/5 2319/779/5 2318/780/5
f 2317/778/5 2320/781/5 2319/779/5
f 2321/782/5 2320/781/5 2317/778/5
f 2321/782/5 2322/783/5 2320/781/5
f 2323/781/29 2325/784/29 2324/779/29
f 2323/781/29 2326/785/29 2325/784/29
f 2327/786/64 2329/787/64 2328/788/64
f 2327/786/64 2330/789/64 2329/787/64
f 2331/790/59 2333/791/59 2332/792/59
f 2331/790/59 2334/793/59 2333/791/59
f 2335/794/5 2337/795/5 2336/796/5
f 2335/794/5 2338/797/5 2337/795/5
f 2339/798/5 2338/797/5 2335/794/5
f 2339/798/5 2340/799/5 2338/797/5
f 2341/797/29 2343/800/29 2342/801/29
f 2341/797/29 2342/801/29 2344/795/29
f 2345/802/64 2347/803/64 2346/804/64
f 2345/802/64 2348/805/64 2347/803/64
f 2349/806/59 2351/807/59 2350/808/59
f 2349/806/59 2352/809/59 2351/807/59
f 2353/810/5 2355/811/5 2354/812/5
f 2353/810/5 2356/813/5 2355/811/5
f 2357/814/5 2356/813/5 2353/810/5
f 2357/814/5 2358/815/5 2356/813/5
f 2359/813/29 2361/816/29 2360/811/29
f 2359/813/29 2362/817/29 2361/816/29
f 2363/818/64 2365/819/64 2364/820/64
f 2363/818/64 2366/821/64 2365/819/64
f 2367/822/5 2369/823/5 2368/824/5
f 2367/822/5 2370/825/5 2369/823/5
f 2371/826/5 2370/825/5 2367/822/5
f 2371/826/5 2372/827/5 2370/825/5
f 2373/828/59 2375/829/59 2374/830/59
f 2373/828/59 2374/830/59 2376/831/59
f 2377/832/64 2379/833/64 2378/834/64
f 2377/832/64 2380/835/64 2379/833/64
f 2381/826/58 2383/836/58 2382/837/58
f 2381/826/58 2384/822/58 2383/836/58
f 2385/838/5 2387/839/5 2386/840/5
f 2385/838/5 2388/841/5 2387/839/5
f 2389/842/5 2388/841/5 2385/838/5
f 2389/842/5 2390/843/5 2388/841/5
f 2391/844/59 2393/845/59 2392/846/59
f 2391/844/59 2394/847/59 2393/845/59
f 2395/848/64 2397/849/64 2396/850/64
f 2395/848/64 2398/851/64 2397/849/64
f 2399/842/58 2401/852/58 2400/853/58
f 2399/842/58 2402/838/58 2401/852/58
f 2403/854/5 2405/855/5 2404/856/5
f 2403/854/5 2406/857/5 2405/855/5
f 2407/858/5 2406/857/5 2403/854/5
f 2407/858/5 2408/859/5 2406/857/5
f 2409/860/59 2411/861/59 2410/862/59
f 2409/860/59 2410/862/59 2412/863/59
f 2413/864/64 2415/865/64 2414/866/64
f 2413/864/64 2416/867/64 2415/865/64
f 2417/858/58 2419/868/58 2418/869/58
f 2417/858/58 2420/854/58 2419/868/58
usemtl textures/venice_ase_c1/door_c17
f 2421/870/4 2423/871/4 2422/872/4
f 2421/870/4 2422/872/4 2424/873/4
f 2425/874/1 2427/875/1 2426/876/1
f 2425/874/1 2428/877/1 2427/875/1
usemtl textures/venice_ase_c1/castle_m03a_step
f 2429/878/1 2431/879/1 2430/880/1
f 2432/881/1 2429/878/1 2430/880/1
f 2433/882/2 2435/883/2 2434/884/2
f 2433/882/2 2436/885/2 2435/883/2
f 2437/886/2 2436/885/2 2433/882/2
f 2437/886/2 2438/887/2 2436/885/2
f 2439/888/2 2441/889/2 2440/890/2
f 2439/888/2 2442/891/2 2441/889/2
f 2443/892/2 2445/893/2 2444/894/2
f 2443/892/2 2446/895/2 2445/893/2
f 2447/896/2 2449/892/2 2448/894/2
f 2447/896/2 2448/894/2 2450/897/2
f 2451/887/2 2453/885/2 2452/883/2
f 2451/887/2 2452/883/2 2454/884/2
f 2455/898/3 2457/899/3 2456/900/3
f 2457/899/3 2458/901/3 2456/900/3
f 2459/902/2 2461/903/2 2460/904/2
f 2461/903/2 2462/905/2 2460/904/2
f 2463/906/2 2465/884/2 2464/907/2
f 2463/906/2 2466/887/2 2465/884/2
f 2467/908/4 2469/909/4 2468/910/4
f 2470/911/4 2469/909/4 2467/908/4
f 2470/911/4 2471/912/4 2469/909/4
f 2472/895/2 2474/913/2 2473/893/2
f 2472/895/2 2475/914/2 2474/913/2
f 2476/892/2 2478/893/2 2477/894/2
f 2476/892/2 2479/895/2 2478/893/2
f 2480/896/2 2482/892/2 2481/894/2
f 2480/896/2 2481/894/2 2483/897/2
f 2484/915/2 2486/916/2 2485/917/2
f 2484/915/2 2487/918/2 2486/916/2
f 2488/919/2 2490/882/2 2489/920/2
f 2488/919/2 2491/886/2 2490/882/2
usemtl textures/venice_ase_c1/castle_c17
f 2492/921/1 2494/922/1 2493/923/1
f 2492/921/1 2493/923/1 2495/924/1
f 2496/925/5 2498/926/5 2497/927/5
f 2496/925/5 2497/927/5 2499/928/5
f 2500/929/3 2501/930/3 2503/931/3
f 2500/929/3 2503/931/3 2504/932/3
f 2500/929/3 2502/933/3 2501/930/3
f 2505/934/3 2507/935/3 2506/936/3
f 2505/934/3 2508/937/3 2507/935/3
f 2503/931/3 2509/938/3 2504/932/3
f 2510/939/3 2512/940/3 2511/941/3
f 2511/941/3 2512/940/3 2513/942/3
f 2510/939/3 2511/941/3 2514/943/3
f 2511/941/3 2517/944/3 2514/943/3
f 2514/943/3 2517/944/3 2516/945/3
f 2514/943/3 2516/945/3 2515/946/3
f 2515/946/3 2516/945/3 2518/947/3
f 2516/945/3 2521/948/3 2518/947/3
f 2518/947/3 2521/948/3 2520/949/3
f 2518/947/3 2520/949/3 2519/950/3
f 2519/950/3 2520/949/3 2522/951/3
f 2520/949/3 2525/952/3 2522/951/3
f 2522/951/3 2525/952/3 2524/953/3
f 2522/951/3 2524/953/3 2523/954/3
f 2523/954/3 2524/953/3 2526/955/3
f 2524/953/3 2529/956/3 2526/955/3
f 2526/955/3 2529/956/3 2528/957/3
f 2526/955/3 2528/957/3 2527/958/3
f 2527/958/3 2528/957/3 2530/959/3
f 2528/957/3 2532/960/3 2530/959/3
f 2530/959/3 2532/960/3 2531/961/3
f 2530/959/3 2531/961/3 2533/962/3
f 2531/961/3 2534/963/3 2533/962/3
f 2531/961/3 2536/964/3 2534/963/3
f 2534/963/3 2536/964/3 2535/965/3
f 2534/963/3 2535/965/3 2537/966/3
f 2535/965/3 2538/967/3 2537/966/3
f 2535/965/3 2540/968/3 2538/967/3
f 2538/967/3 2540/968/3 2539/969/3
f 2538/967/3 2539/969/3 2541/970/3
f 2539/969/3 2542/971/3 2541/970/3
f 2539/969/3 2546/972/3 2542/971/3
f 2543/973/3 2545/974/3 2544/975/3
f 2543/973/3 2547/976/3 2545/974/3
f 2543/973/3 2548/977/3 2547/976/3
f 2543/973/3 2549/978/3 2548/977/3
f 2548/977/3 2549/978/3 2550/979/3
f 2548/977/3 2550/979/3 2551/980/3
f 2550/979/3 2552/981/3 2551/980/3
f 2550/979/3 2553/982/3 2552/981/3
f 2552/981/3 2553/982/3 2554/983/3
f 2552/981/3 2554/983/3 2555/984/3
f 2554/983/3 2556/985/3 2555/984/3
f 2554/983/3 2557/986/3 2556/985/3
f 2556/985/3 2557/986/3 2558/987/3
f 2556/985/3 2558/987/3 2559/988/3
f 2558/987/3 2560/989/3 2559/988/3
f 2558/987/3 2561/990/3 2560/989/3
f 2560/989/3 2561/990/3 2562/991/3
f 2560/989/3 2562/991/3 2563/992/3
f 2562/991/3 2564/993/3 2563/992/3
f 2562/991/3 2565/994/3 2564/993/3
f 2564/993/3 2565/994/3 2566/995/3
f 2564/993/3 2566/995/3 2567/996/3
f 2566/995/3 2568/997/3 2567/996/3
f 2566/995/3 2569/998/3 2568/997/3
f 2568/997/3 2569/998/3 2570/999/3
f 2568/997/3 2570/999/3 2571/1000/3
f 2570/999/3 2572/1001/3 2571/1000/3
f 2570/999/3 2573/1002/3 2572/1001/3
f 2572/1001/3 2573/1002/3 2574/1003/3
f 2572/1001/3 2574/1003/3 2575/1004/3
f 2574/1003/3 2576/1005/3 2575/1004/3
f 2574/1003/3 2577/1006/3 2576/1005/3
f 2578/1007/3 2580/1008/3 2579/1009/3
f 2578/1007/3 2579/1009/3 2581/1010/3
f 2579/1009/3 2582/1011/3 2581/1010/3
f 2578/1007/3 2583/1012/3 2580/1008/3
f 2584/1013/3 2586/1014/3 2585/1015/3
f 2584/1013/3 2587/1016/3 2586/1014/3
f 2588/925/6 2590/927/6 2589/926/6
f 2588/925/6 2591/928/6 2590/927/6
f 2592/1017/6 2594/1018/6 2593/1019/6
f 2593/1019/6 2594/1018/6 2595/1020/6
f 2592/1017/6 2596/1021/6 2594/1018/6
f 2598/1022/65 2600/1023/65 2601/1024/66
f 2598/1022/65 2601/1024/66 2602/1025/66
f 2598/1022/65 2599/1026/67 2600/1023/65
f 2597/1027/67 2599/1026/67 2598/1022/65
f 2601/1024/66 2603/1028/68 2602/1025/66
f 2601/1024/66 2604/1029/68 2603/1028/68
f 2603/1028/68 2604/1029/68 2605/1030/69
f 2603/1028/68 2605/1030/69 2606/1031/69
f 2605/1030/69 2607/1032/70 2606/1031/69
f 2605/1030/69 2608/1033/70 2607/1032/70
f 2607/1032/70 2608/1033/70 2609/1034/71
f 2607/1032/70 2609/1034/71 2610/1035/71
f 2611/1036/1 2613/1037/1 2612/1038/1
f 2614/1039/1 2613/1037/1 2611/1036/1
f 2614/1039/1 2615/1040/1 2613/1037/1
f 2619/1041/2 2621/1042/2 2620/1043/2
f 2619/1041/2 2620/1043/2 2622/1044/2
f 2623/1045/2 2625/1046/2 2624/1047/2
f 2623/1045/2 2624/1047/2 2626/1048/2
f 2616/1049/2 2618/1050/2 2617/1051/2
f 2617/1051/2 2618/1050/2 2627/1052/2
f 2617/1051/2 2627/1052/2 2628/1053/2
f 2617/1051/2 2628/1053/2 2631/1054/2
f 2628/1053/2 2629/1055/2 2631/1054/2
f 2628/1053/2 2630/1056/2 2629/1055/2
f 2629/1055/2 2630/1056/2 2632/1057/2
f 2629/1055/2 2632/1057/2 2635/1058/2
f 2632/1057/2 2633/1059/2 2635/1058/2
f 2632/1057/2 2634/1060/2 2633/1059/2
f 2633/1059/2 2634/1060/2 2636/1061/2
f 2633/1059/2 2636/1061/2 2639/1062/2
f 2636/1061/2 2637/1063/2 2639/1062/2
f 2636/1061/2 2638/1064/2 2637/1063/2
f 2637/1063/2 2638/1064/2 2640/1065/2
f 2637/1063/2 2640/1065/2 2643/1066/2
f 2640/1065/2 2641/1067/2 2643/1066/2
f 2640/1065/2 2642/1068/2 2641/1067/2
f 2641/1067/2 2642/1068/2 2644/1069/2
f 2641/1067/2 2644/1069/2 2645/1070/2
f 2644/1069/2 2646/1071/2 2645/1070/2
f 2644/1069/2 2647/1072/2 2646/1071/2
f 2646/1071/2 2647/1072/2 2648/1073/2
f 2646/1071/2 2648/1073/2 2649/1074/2
f 2648/1073/2 2650/1075/2 2649/1074/2
f 2648/1073/2 2651/1076/2 2650/1075/2
f 2650/1075/2 2651/1076/2 2652/1077/2
f 2650/1075/2 2652/1077/2 2653/1078/2
f 2652/1077/2 2654/1079/2 2653/1078/2
f 2652/1077/2 2655/1080/2 2654/1079/2
f 2654/1079/2 2655/1080/2 2656/1081/2
f 2654/1079/2 2656/1081/2 2660/1082/2
f 2657/1083/2 2659/1084/2 2658/1085/2
f 2658/1085/2 2659/1084/2 2661/1086/2
f 2658/1085/2 2661/1086/2 2662/1087/2
f 2658/1085/2 2662/1087/2 2663/1088/2
f 2662/1087/2 2664/1089/2 2663/1088/2
f 2662/1087/2 2665/1090/2 2664/1089/2
f 2664/1089/2 2665/1090/2 2666/1091/2
f 2664/1089/2 2666/1091/2 2667/1092/2
f 2666/1091/2 2668/1093/2 2667/1092/2
f 2666/1091/2 2669/1094/2 2668/1093/2
f 2668/1093/2 2669/1094/2 2670/1095/2
f 2668/1093/2 2670/1095/2 2671/1096/2
f 2670/1095/2 2672/1097/2 2671/1096/2
f 2670/1095/2 2673/1098/2 2672/1097/2
f 2672/1097/2 2673/1098/2 2674/1099/2
f 2672/1097/2 2674/1099/2 2675/1100/2
f 2674/1099/2 2676/1101/2 2675/1100/2
f 2674/1099/2 2677/1102/2 2676/1101/2
f 2676/1101/2 2677/1102/2 2678/1103/2
f 2676/1101/2 2678/1103/2 2679/1104/2
f 2678/1103/2 2680/1105/2 2679/1104/2
f 2678/1103/2 2681/1106/2 2680/1105/2
f 2680/1105/2 2681/1106/2 2682/1107/2
f 2680/1105/2 2682/1107/2 2683/1108/2
f 2682/1107/2 2684/1109/2 2683/1108/2
f 2682/1107/2 2685/1110/2 2684/1109/2
f 2684/1109/2 2685/1110/2 2686/1111/2
f 2684/1109/2 2686/1111/2 2687/1112/2
f 2686/1111/2 2688/1113/2 2687/1112/2
f 2686/1111/2 2689/1114/2 2688/1113/2
f 2688/1113/2 2689/1114/2 2690/1115/2
f 2688/1113/2 2690/1115/2 2691/1116/2
f 2692/1117/2 2694/1118/2 2693/1119/2
f 2692/1117/2 2693/1119/2 2698/1120/2
f 2695/1121/2 2697/1122/2 2696/1123/2
f 2695/1121/2 2696/1123/2 2699/1124/2
f 2700/1125/4 2702/1126/4 2701/1127/4
f 2700/1125/4 2701/1127/4 2703/1128/4
f 2704/1129/4 2706/1130/4 2705/1131/4
f 2704/1129/4 2705/1131/4 2707/1132/4
f 2708/1051/72 2712/1053/73 2711/1052/74
f 2708/1051/72 2713/1054/73 2712/1053/73
f 2708/1051/72 2711/1052/74 2710/1050/75
f 2708/1051/72 2710/1050/75 2709/1049/75
f 2712/1053/73 2713/1054/73 2714/1055/76
f 2712/1053/73 2714/1055/76 2715/1056/77
f 2714/1055/76 2716/1057/78 2715/1056/77
f 2714/1055/76 2717/1058/78 2716/1057/78
f 2716/1057/78 2717/1058/78 2718/1059/79
f 2716/1057/78 2718/1059/79 2719/1133/80
f 2718/1059/79 2720/1061/81 2719/1133/80
f 2718/1059/79 2721/1062/81 2720/1061/81
f 2727/1134/82 2728/1135/83 2729/1136/84
f 2728/1135/83 2730/1137/85 2729/1136/84
f 2726/1138/82 2728/1135/83 2727/1134/82
f 2722/1035/71 2724/1034/71 2723/1139/86
f 2723/1139/86 2724/1034/71 2725/1140/86
f 2728/1135/83 2731/1141/85 2730/1137/85
f 2730/1137/85 2731/1141/85 2732/1142/87
f 2730/1137/85 2732/1142/87 2733/1143/87
f 2732/1142/87 2734/1144/88 2733/1143/87
f 2732/1142/87 2735/1145/88 2734/1144/88
f 2734/1144/88 2735/1145/88 2736/1146/89
f 2734/1144/88 2736/1146/89 2737/1147/89
f 2736/1146/89 2738/1148/90 2737/1147/89
f 2736/1146/89 2739/1149/90 2738/1148/90
f 2738/1148/90 2739/1149/90 2740/1150/91
f 2738/1148/90 2740/1150/91 2741/1151/91
f 2740/1150/91 2742/1152/92 2741/1151/91
f 2740/1150/91 2743/1153/92 2742/1152/92
f 2742/1152/92 2743/1153/92 2744/1154/5
f 2742/1152/92 2744/1154/5 2745/1155/5
f 2744/1154/5 2746/1152/93 2745/1155/5
f 2744/1154/5 2747/1153/93 2746/1152/93
f 2746/1152/93 2747/1153/93 2748/1150/94
f 2746/1152/93 2748/1150/94 2749/1151/94
f 2748/1150/94 2750/1148/95 2749/1151/94
f 2748/1150/94 2751/1149/95 2750/1148/95
f 2750/1148/95 2751/1149/95 2752/1146/96
f 2750/1148/95 2752/1146/96 2753/1147/96
f 2752/1146/96 2754/1144/97 2753/1147/96
f 2752/1146/96 2755/1145/97 2754/1144/97
f 2754/1144/97 2755/1145/97 2756/1142/98
f 2754/1144/97 2756/1142/98 2757/1143/98
f 2756/1142/98 2758/1137/99 2757/1143/98
f 2756/1142/98 2759/1141/99 2758/1137/99
f 2758/1137/99 2759/1141/99 2760/1135/100
f 2758/1137/99 2760/1135/100 2761/1136/100
f 2760/1135/100 2762/1134/101 2761/1136/100
f 2760/1135/100 2763/1138/101 2762/1134/101
f 2764/1140/102 2766/1034/103 2765/1139/102
f 2765/1139/102 2766/1034/103 2767/1035/103
f 2768/1063/104 2771/1064/104 2770/1061/105
f 2768/1063/104 2772/1156/106 2771/1064/104
f 2768/1063/104 2770/1061/105 2769/1062/105
f 2768/1063/104 2773/1066/107 2772/1156/106
f 2774/1157/108 2776/1158/106 2775/1159/106
f 2774/1157/108 2777/1160/108 2776/1158/106
f 2774/1157/108 2778/1161/109 2777/1160/108
f 2774/1157/108 2779/1162/109 2778/1161/109
f 2778/1161/109 2779/1162/109 2780/1163/110
f 2778/1161/109 2780/1163/110 2781/1164/110
f 2780/1163/110 2782/1165/111 2781/1164/110
f 2780/1163/110 2783/1166/111 2782/1165/111
f 2782/1165/111 2783/1166/111 2784/1167/112
f 2782/1165/111 2784/1167/112 2785/1168/112
f 2784/1167/112 2786/1169/113 2785/1168/112
f 2784/1167/112 2787/1170/113 2786/1169/113
f 2786/1169/113 2787/1170/113 2788/1171/114
f 2786/1169/113 2788/1171/114 2789/1172/114
f 2788/1171/114 2790/1173/6 2789/1172/114
f 2788/1171/114 2791/1174/6 2790/1173/6
f 2791/1174/6 2792/1171/115 2793/1175/6
f 2792/1171/115 2794/1176/115 2793/1175/6
f 2792/1171/115 2795/1177/116 2794/1176/115
f 2792/1171/115 2796/1170/116 2795/1177/116
f 2795/1177/116 2796/1170/116 2797/1167/117
f 2795/1177/116 2797/1167/117 2798/1178/117
f 2797/1167/117 2799/1179/118 2798/1178/117
f 2797/1167/117 2800/1166/118 2799/1179/118
f 2799/1179/118 2800/1166/118 2801/1163/119
f 2799/1179/118 2801/1163/119 2802/1180/119
f 2801/1163/119 2803/1181/120 2802/1180/119
f 2801/1163/119 2804/1162/121 2803/1181/120
f 2803/1181/120 2804/1162/121 2805/1157/122
f 2803/1181/120 2805/1157/122 2806/1182/122
f 2805/1157/122 2807/1183/123 2806/1182/122
f 2805/1157/122 2808/1159/123 2807/1183/123
f 2809/1063/124 2811/1065/123 2810/1066/123
f 2809/1063/124 2812/1064/124 2811/1065/123
f 2809/1063/124 2813/1061/125 2812/1064/124
f 2809/1063/124 2814/1062/125 2813/1061/125
f 2815/1184/5 2819/1185/5 2818/1186/5
f 2815/1184/5 2818/1186/5 2817/1187/5
f 2818/1186/5 2819/1185/5 2820/1188/5
f 2819/1185/5 2821/1189/5 2820/1188/5
f 2815/1184/5 2817/1187/5 2816/1190/5
f 2820/1188/5 2821/1189/5 2822/1191/5
f 2821/1189/5 2823/1192/5 2822/1191/5
f 2822/1191/5 2823/1192/5 2824/1193/5
f 2825/1194/3 2832/1195/3 2827/1196/3
f 2825/1194/3 2827/1196/3 2826/1197/3
f 2825/1194/3 2833/1198/3 2832/1195/3
f 2828/1199/3 2830/1200/3 2829/1201/3
f 2828/1199/3 2831/1202/3 2830/1200/3
f 2825/1194/3 2836/1203/3 2833/1198/3
f 2833/1198/3 2836/1203/3 2835/1204/3
f 2833/1198/3 2835/1204/3 2834/1205/3
f 2834/1205/3 2835/1204/3 2837/1206/3
f 2835/1204/3 2840/1207/3 2837/1206/3
f 2837/1206/3 2840/1207/3 2839/1208/3
f 2837/1206/3 2839/1208/3 2838/1209/3
f 2838/1209/3 2839/1208/3 2841/1210/3
f 2839/1208/3 2844/1211/3 2841/1210/3
f 2841/1210/3 2844/1211/3 2843/1212/3
f 2841/1210/3 2843/1212/3 2842/1213/3
f 2842/1213/3 2843/1212/3 2845/1214/3
f 2843/1212/3 2848/1215/3 2845/1214/3
f 2845/1214/3 2848/1215/3 2847/1216/3
f 2845/1214/3 2847/1216/3 2846/1217/3
f 2846/1217/3 2847/1216/3 2849/1218/3
f 2847/1216/3 2851/1219/3 2849/1218/3
f 2849/1218/3 2851/1219/3 2850/1220/3
f 2849/1218/3 2850/1220/3 2852/1221/3
f 2850/1220/3 2853/1222/3 2852/1221/3
f 2850/1220/3 2855/1223/3 2853/1222/3
f 2853/1222/3 2855/1223/3 2854/1224/3
f 2853/1222/3 2854/1224/3 2856/1225/3
f 2854/1224/3 2857/1226/3 2856/1225/3
f 2854/1224/3 2859/1227/3 2857/1226/3
f 2857/1226/3 2859/1227/3 2858/1228/3
f 2857/1226/3 2858/1228/3 2860/1229/3
f 2858/1228/3 2861/1230/3 2860/1229/3
f 2858/1228/3 2865/1231/3 2861/1230/3
f 2862/1232/3 2864/1233/3 2863/1234/3
f 2862/1232/3 2866/1235/3 2864/1233/3
f 2862/1232/3 2867/1236/3 2866/1235/3
f 2862/1232/3 2868/1237/3 2867/1236/3
f 2867/1236/3 2868/1237/3 2869/1238/3
f 2867/1236/3 2869/1238/3 2870/1239/3
f 2869/1238/3 2871/1240/3 2870/1239/3
f 2869/1238/3 2872/1241/3 2871/1240/3
f 2871/1240/3 2872/1241/3 2873/1242/3
f 2871/1240/3 2873/1242/3 2874/1243/3
f 2873/1242/3 2875/1244/3 2874/1243/3
f 2873/1242/3 2876/1245/3 2875/1244/3
f 2875/1244/3 2876/1245/3 2877/1246/3
f 2875/1244/3 2877/1246/3 2878/1247/3
f 2877/1246/3 2879/1248/3 2878/1247/3
f 2877/1246/3 2880/1249/3 2879/1248/3
f 2879/1248/3 2880/1249/3 2881/1250/3
f 2879/1248/3 2881/1250/3 2882/1251/3
f 2881/1250/3 2883/1252/3 2882/1251/3
f 2881/1250/3 2884/1253/3 2883/1252/3
f 2883/1252/3 2884/1253/3 2885/1254/3
f 2883/1252/3 2885/1254/3 2886/1255/3
f 2885/1254/3 2887/1256/3 2886/1255/3
f 2885/1254/3 2888/1257/3 2887/1256/3
f 2887/1256/3 2888/1257/3 2889/1258/3
f 2887/1256/3 2889/1258/3 2890/1259/3
f 2889/1258/3 2891/1260/3 2890/1259/3
f 2889/1258/3 2892/1261/3 2891/1260/3
f 2891/1260/3 2892/1261/3 2893/1262/3
f 2891/1260/3 2893/1262/3 2894/1263/3
f 2893/1262/3 2895/1264/3 2894/1263/3
f 2893/1262/3 2896/1265/3 2895/1264/3
f 2897/1266/3 2899/1267/3 2898/1268/3
f 2897/1266/3 2900/1269/3 2899/1267/3
f 2897/1266/3 2901/1270/3 2900/1269/3
f 2900/1269/3 2901/1270/3 2902/1271/3
f 2906/1272/2 2909/1199/2 2908/1201/2
f 2906/1272/2 2910/1273/2 2909/1199/2
f 2906/1272/2 2908/1201/2 2907/1200/2
f 2909/1199/2 2910/1273/2 2911/1202/2
f 2903/1265/2 2905/1264/2 2904/1262/2
f 2904/1262/2 2905/1264/2 2912/1263/2
f 2904/1262/2 2912/1263/2 2913/1260/2
f 2904/1262/2 2913/1260/2 2916/1261/2
f 2913/1260/2 2914/1258/2 2916/1261/2
f 2913/1260/2 2915/1259/2 2914/1258/2
f 2914/1258/2 2915/1259/2 2917/1256/2
f 2914/1258/2 2917/1256/2 2920/1257/2
f 2917/1256/2 2918/1254/2 2920/1257/2
f 2917/1256/2 2919/1255/2 2918/1254/2
f 2918/1254/2 2919/1255/2 2921/1252/2
f 2918/1254/2 2921/1252/2 2924/1253/2
f 2921/1252/2 2922/1250/2 2924/1253/2
f 2921/1252/2 2923/1251/2 2922/1250/2
f 2922/1250/2 2923/1251/2 2925/1248/2
f 2922/1250/2 2925/1248/2 2928/1249/2
f 2925/1248/2 2926/1246/2 2928/1249/2
f 2925/1248/2 2927/1247/2 2926/1246/2
f 2926/1246/2 2927/1247/2 2929/1244/2
f 2926/1246/2 2929/1244/2 2930/1245/2
f 2929/1244/2 2931/1242/2 2930/1245/2
f 2929/1244/2 2932/1243/2 2931/1242/2
f 2931/1242/2 2932/1243/2 2933/1240/2
f 2931/1242/2 2933/1240/2 2934/1241/2
f 2933/1240/2 2935/1238/2 2934/1241/2
f 2933/1240/2 2936/1239/2 2935/1238/2
f 2935/1238/2 2936/1239/2 2937/1236/2
f 2935/1238/2 2937/1236/2 2938/1237/2
f 2937/1236/2 2939/1232/2 2938/1237/2
f 2937/1236/2 2940/1235/2 2939/1232/2
f 2939/1232/2 2940/1235/2 2941/1233/2
f 2939/1232/2 2941/1233/2 2945/1234/2
f 2942/1274/2 2944/1275/2 2943/1276/2
f 2943/1276/2 2944/1275/2 2946/1277/2
f 2943/1276/2 2946/1277/2 2947/1278/2
f 2943/1276/2 2947/1278/2 2948/1279/2
f 2947/1278/2 2949/1280/2 2948/1279/2
f 2947/1278/2 2950/1281/2 2949/1280/2
f 2949/1280/2 2950/1281/2 2951/1282/2
f 2949/1280/2 2951/1282/2 2952/1283/2
f 2951/1282/2 2953/1284/2 2952/1283/2
f 2951/1282/2 2954/1285/2 2953/1284/2
f 2953/1284/2 2954/1285/2 2955/1286/2
f 2953/1284/2 2955/1286/2 2956/1287/2
f 2955/1286/2 2957/1288/2 2956/1287/2
f 2955/1286/2 2958/1289/2 2957/1288/2
f 2957/1288/2 2958/1289/2 2959/1290/2
f 2957/1288/2 2959/1290/2 2960/1291/2
f 2959/1290/2 2961/1292/2 2960/1291/2
f 2959/1290/2 2962/1293/2 2961/1292/2
f 2961/1292/2 2962/1293/2 2963/1294/2
f 2961/1292/2 2963/1294/2 2964/1295/2
f 2963/1294/2 2965/1296/2 2964/1295/2
f 2963/1294/2 2966/1297/2 2965/1296/2
f 2965/1296/2 2966/1297/2 2967/1298/2
f 2965/1296/2 2967/1298/2 2968/1299/2
f 2967/1298/2 2969/1300/2 2968/1299/2
f 2967/1298/2 2970/1301/2 2969/1300/2
f 2969/1300/2 2970/1301/2 2971/1302/2
f 2969/1300/2 2971/1302/2 2972/1303/2
f 2971/1302/2 2973/1304/2 2972/1303/2
f 2971/1302/2 2974/1305/2 2973/1304/2
f 2973/1304/2 2974/1305/2 2975/1306/2
f 2973/1304/2 2975/1306/2 2976/1307/2
f 2977/1271/2 2979/1268/2 2978/1267/2
f 2977/1271/2 2978/1267/2 2980/1269/2
f 2981/1308/4 2983/1309/4 2982/1310/4
f 2981/1308/4 2982/1310/4 2984/1311/4
f 2986/1051/72 2988/1052/74 2989/1053/73
f 2986/1051/72 2989/1053/73 2990/1054/73
f 2986/1051/72 2987/1050/75 2988/1052/74
f 2985/1049/75 2987/1050/75 2986/1051/72
f 2989/1053/73 2991/1055/76 2990/1054/73
f 2989/1053/73 2992/1056/77 2991/1055/76
f 2991/1055/76 2992/1056/77 2993/1057/78
f 2991/1055/76 2993/1057/78 2994/1058/78
f 2993/1057/78 2995/1059/79 2994/1058/78
f 2993/1057/78 2996/1060/80 2995/1059/79
f 2995/1059/79 2996/1060/80 2997/1061/81
f 2995/1059/79 2997/1061/81 2998/1062/81
f 3000/1063/104 3001/1061/105 3002/1064/104
f 3000/1063/104 3002/1064/104 3003/1065/107
f 2999/1062/105 3001/1061/105 3000/1063/104
f 3000/1063/104 3003/1065/107 3004/1066/107
f 3005/1159/106 3007/1183/106 3006/1157/108
f 3006/1157/108 3007/1183/106 3008/1182/108
f 3006/1157/108 3008/1182/108 3009/1181/109
f 3006/1157/108 3009/1181/109 3010/1162/109
f 3009/1181/109 3011/1163/110 3010/1162/109
f 3009/1181/109 3012/1180/110 3011/1163/110
f 3011/1163/110 3012/1180/110 3013/1179/111
f 3011/1163/110 3013/1179/111 3014/1166/111
f 3013/1179/111 3015/1167/112 3014/1166/111
f 3013/1179/111 3016/1178/112 3015/1167/112
f 3015/1167/112 3016/1178/112 3017/1177/113
f 3015/1167/112 3017/1177/113 3018/1170/113
f 3017/1177/113 3019/1171/114 3018/1170/113
f 3017/1177/113 3020/1176/114 3019/1171/114
f 3019/1171/114 3020/1176/114 3021/1175/6
f 3019/1171/114 3021/1175/6 3022/1174/6
f 3022/1174/6 3024/1173/6 3023/1171/115
f 3023/1171/115 3024/1173/6 3025/1172/115
f 3023/1171/115 3025/1172/115 3026/1169/116
f 3023/1171/115 3026/1169/116 3027/1170/116
f 3026/1169/116 3028/1167/117 3027/1170/116
f 3026/1169/116 3029/1168/117 3028/1167/117
f 3028/1167/117 3029/1168/117 3030/1165/118
f 3028/1167/117 3030/1165/118 3031/1166/118
f 3030/1165/118 3032/1163/119 3031/1166/118
f 3030/1165/118 3033/1164/119 3032/1163/119
f 3032/1163/119 3033/1164/119 3034/1161/120
f 3032/1163/119 3034/1161/120 3035/1162/121
f 3034/1161/120 3036/1157/122 3035/1162/121
f 3034/1161/120 3037/1160/122 3036/1157/122
f 3036/1157/122 3037/1160/122 3038/1158/123
f 3036/1157/122 3038/1158/123 3039/1159/123
f 3040/1066/123 3042/1156/123 3041/1063/124
f 3041/1063/124 3042/1156/123 3043/1064/124
f 3041/1063/124 3043/1064/124 3044/1061/125
f 3041/1063/124 3044/1061/125 3045/1062/125
f 3046/1312/1 3048/1313/1 3047/1314/1
f 3046/1312/1 3047/1314/1 3049/1315/1
f 3050/1059/126 3054/1057/127 3053/1060/128
f 3050/1059/126 3055/1058/127 3054/1057/127
f 3050/1059/126 3053/1060/128 3052/1061/129
f 3050/1059/126 3052/1061/129 3051/1062/129
f 3054/1057/127 3055/1058/127 3056/1055/130
f 3054/1057/127 3056/1055/130 3057/1056/131
f 3056/1055/130 3058/1053/132 3057/1056/131
f 3056/1055/130 3059/1054/132 3058/1053/132
f 3058/1053/132 3059/1054/132 3060/1051/133
f 3058/1053/132 3060/1051/133 3061/1052/133
f 3060/1051/133 3062/1050/134 3061/1052/133
f 3060/1051/133 3063/1049/135 3062/1050/134
f 3065/1032/136 3067/1033/136 3068/1030/137
f 3065/1032/136 3068/1030/137 3069/1031/137
f 3065/1032/136 3066/1034/103 3067/1033/136
f 3064/1035/103 3066/1034/103 3065/1032/136
f 3068/1030/137 3070/1028/138 3069/1031/137
f 3068/1030/137 3071/1029/138 3070/1028/138
f 3070/1028/138 3071/1029/138 3072/1024/139
f 3070/1028/138 3072/1024/139 3073/1025/139
f 3072/1024/139 3074/1022/140 3073/1025/139
f 3072/1024/139 3075/1023/140 3074/1022/140
f 3074/1022/140 3075/1023/140 3076/1026/141
f 3074/1022/140 3076/1026/141 3077/1027/141
f 3078/1316/5 3080/1317/5 3079/1318/5
f 3078/1316/5 3079/1318/5 3081/1319/5
f 3082/1316/6 3084/1318/6 3083/1317/6
f 3082/1316/6 3085/1319/6 3084/1318/6
f 3082/1316/6 3086/1320/6 3085/1319/6
f 3087/1321/6 3088/1322/6 3086/1320/6
f 3087/1321/6 3086/1320/6 3082/1316/6
f 3089/1007/2 3091/1009/2 3090/1011/2
f 3089/1007/2 3093/1012/2 3091/1009/2
f 3089/1007/2 3090/1011/2 3092/1010/2
f 3091/1009/2 3093/1012/2 3094/1008/2
f 3095/934/2 3097/936/2 3096/935/2
f 3095/934/2 3096/935/2 3102/937/2
f 3098/1003/2 3100/1005/2 3099/1004/2
f 3098/1003/2 3101/1006/2 3100/1005/2
f 3098/1003/2 3099/1004/2 3103/1001/2
f 3098/1003/2 3103/1001/2 3106/1002/2
f 3103/1001/2 3104/999/2 3106/1002/2
f 3103/1001/2 3105/1000/2 3104/999/2
f 3104/999/2 3105/1000/2 3107/997/2
f 3104/999/2 3107/997/2 3110/998/2
f 3107/997/2 3108/995/2 3110/998/2
f 3107/997/2 3109/996/2 3108/995/2
f 3108/995/2 3109/996/2 3111/993/2
f 3108/995/2 3111/993/2 3114/994/2
f 3111/993/2 3112/991/2 3114/994/2
f 3111/993/2 3113/992/2 3112/991/2
f 3112/991/2 3113/992/2 3115/989/2
f 3112/991/2 3115/989/2 3118/990/2
f 3115/989/2 3116/987/2 3118/990/2
f 3115/989/2 3117/988/2 3116/987/2
f 3116/987/2 3117/988/2 3119/985/2
f 3116/987/2 3119/985/2 3120/986/2
f 3119/985/2 3121/983/2 3120/986/2
f 3119/985/2 3122/984/2 3121/983/2
f 3121/983/2 3122/984/2 3123/981/2
f 3121/983/2 3123/981/2 3124/982/2
f 3123/981/2 3125/979/2 3124/982/2
f 3123/981/2 3126/980/2 3125/979/2
f 3125/979/2 3126/980/2 3127/977/2
f 3125/979/2 3127/977/2 3128/978/2
f 3127/977/2 3129/973/2 3128/978/2
f 3127/977/2 3130/976/2 3129/973/2
f 3129/973/2 3130/976/2 3131/974/2
f 3129/973/2 3131/974/2 3135/975/2
f 3132/972/2 3134/971/2 3133/969/2
f 3133/969/2 3134/971/2 3136/970/2
f 3133/969/2 3136/970/2 3137/967/2
f 3133/969/2 3137/967/2 3138/968/2
f 3137/967/2 3139/965/2 3138/968/2
f 3137/967/2 3140/966/2 3139/965/2
f 3139/965/2 3140/966/2 3141/963/2
f 3139/965/2 3141/963/2 3142/964/2
f 3141/963/2 3143/961/2 3142/964/2
f 3141/963/2 3144/962/2 3143/961/2
f 3143/961/2 3144/962/2 3145/959/2
f 3143/961/2 3145/959/2 3146/960/2
f 3145/959/2 3147/957/2 3146/960/2
f 3145/959/2 3148/958/2 3147/957/2
f 3147/957/2 3148/958/2 3149/955/2
f 3147/957/2 3149/955/2 3150/956/2
f 3149/955/2 3151/953/2 3150/956/2
f 3149/955/2 3152/954/2 3151/953/2
f 3151/953/2 3152/954/2 3153/951/2
f 3151/953/2 3153/951/2 3154/952/2
f 3153/951/2 3155/949/2 3154/952/2
f 3153/951/2 3156/950/2 3155/949/2
f 3155/949/2 3156/950/2 3157/947/2
f 3155/949/2 3157/947/2 3158/948/2
f 3157/947/2 3159/945/2 3158/948/2
f 3157/947/2 3160/946/2 3159/945/2
f 3159/945/2 3160/946/2 3161/943/2
f 3159/945/2 3161/943/2 3162/944/2
f 3161/943/2 3163/941/2 3162/944/2
f 3161/943/2 3164/939/2 3163/941/2
f 3163/941/2 3164/939/2 3165/940/2
f 3163/941/2 3165/940/2 3166/942/2
f 3167/929/2 3169/931/2 3168/938/2
f 3167/929/2 3170/933/2 3169/931/2
f 3169/931/2 3170/933/2 3171/930/2
f 3167/929/2 3168/938/2 3172/932/2
f 3173/1013/2 3175/1015/2 3174/1014/2
f 3173/1013/2 3174/1014/2 3176/1016/2
f 3177/1323/1 3179/1324/1 3178/1320/1
f 3180/1322/1 3179/1324/1 3177/1323/1
f 3180/1322/1 3181/1325/1 3179/1324/1
f 3182/1113/3 3188/1114/3 3184/1115/3
f 3182/1113/3 3189/1111/3 3188/1114/3
f 3182/1113/3 3184/1115/3 3183/1116/3
f 3185/1120/3 3187/1118/3 3186/1119/3
f 3189/1111/3 3191/1109/3 3190/1110/3
f 3185/1120/3 3192/1117/3 3187/1118/3
f 3189/1111/3 3198/1112/3 3191/1109/3
f 3182/1113/3 3198/1112/3 3189/1111/3
f 3190/1110/3 3191/1109/3 3199/1107/3
f 3199/1107/3 3201/1105/3 3200/1106/3
f 3199/1107/3 3203/1108/3 3201/1105/3
f 3191/1109/3 3203/1108/3 3199/1107/3
f 3200/1106/3 3201/1105/3 3204/1103/3
f 3201/1105/3 3207/1104/3 3204/1103/3
f 3204/1103/3 3207/1104/3 3206/1101/3
f 3204/1103/3 3206/1101/3 3205/1102/3
f 3205/1102/3 3206/1101/3 3208/1099/3
f 3206/1101/3 3211/1100/3 3208/1099/3
f 3208/1099/3 3211/1100/3 3210/1097/3
f 3208/1099/3 3210/1097/3 3209/1098/3
f 3209/1098/3 3210/1097/3 3212/1095/3
f 3210/1097/3 3214/1096/3 3212/1095/3
f 3212/1095/3 3214/1096/3 3213/1093/3
f 3212/1095/3 3213/1093/3 3215/1094/3
f 3213/1093/3 3216/1091/3 3215/1094/3
f 3213/1093/3 3218/1092/3 3216/1091/3
f 3216/1091/3 3218/1092/3 3217/1089/3
f 3216/1091/3 3217/1089/3 3219/1090/3
f 3217/1089/3 3220/1087/3 3219/1090/3
f 3217/1089/3 3222/1088/3 3220/1087/3
f 3220/1087/3 3222/1088/3 3221/1085/3
f 3220/1087/3 3221/1085/3 3223/1086/3
f 3221/1085/3 3224/1084/3 3223/1086/3
f 3221/1085/3 3228/1083/3 3224/1084/3
f 3193/1326/3 3195/1047/3 3194/1046/3
f 3193/1326/3 3196/1048/3 3195/1047/3
f 3193/1326/3 3197/1327/3 3196/1048/3
f 3196/1048/3 3197/1327/3 3202/1045/3
f 3225/1079/3 3227/1081/3 3226/1082/3
f 3225/1079/3 3229/1080/3 3227/1081/3
f 3225/1079/3 3230/1077/3 3229/1080/3
f 3225/1079/3 3231/1078/3 3230/1077/3
f 3230/1077/3 3231/1078/3 3232/1075/3
f 3230/1077/3 3232/1075/3 3233/1076/3
f 3232/1075/3 3234/1073/3 3233/1076/3
f 3232/1075/3 3235/1074/3 3234/1073/3
f 3234/1073/3 3235/1074/3 3236/1071/3
f 3234/1073/3 3236/1071/3 3237/1072/3
f 3236/1071/3 3238/1069/3 3237/1072/3
f 3236/1071/3 3239/1070/3 3238/1069/3
f 3238/1069/3 3239/1070/3 3240/1067/3
f 3238/1069/3 3240/1067/3 3241/1068/3
f 3240/1067/3 3242/1065/3 3241/1068/3
f 3240/1067/3 3243/1066/3 3242/1065/3
f 3242/1065/3 3243/1066/3 3244/1063/3
f 3242/1065/3 3244/1063/3 3245/1064/3
f 3244/1063/3 3246/1061/3 3245/1064/3
f 3244/1063/3 3247/1062/3 3246/1061/3
f 3246/1061/3 3247/1062/3 3248/1059/3
f 3246/1061/3 3248/1059/3 3249/1060/3
f 3248/1059/3 3250/1057/3 3249/1060/3
f 3248/1059/3 3251/1058/3 3250/1057/3
f 3250/1057/3 3251/1058/3 3252/1055/3
f 3250/1057/3 3252/1055/3 3253/1056/3
f 3252/1055/3 3254/1053/3 3253/1056/3
f 3252/1055/3 3255/1054/3 3254/1053/3
f 3254/1053/3 3255/1054/3 3256/1051/3
f 3254/1053/3 3256/1051/3 3257/1052/3
f 3256/1051/3 3258/1050/3 3257/1052/3
f 3256/1051/3 3259/1049/3 3258/1050/3
f 3260/1044/3 3262/1042/3 3261/1043/3
f 3260/1044/3 3266/1041/3 3262/1042/3
f 3263/1122/3 3265/1328/3 3264/1123/3
f 3263/1122/3 3267/1329/3 3265/1328/3
f 3263/1122/3 3268/1121/3 3267/1329/3
f 3267/1329/3 3268/1121/3 3269/1124/3
f 3270/1125/1 3272/1128/1 3271/1127/1
f 3270/1125/1 3271/1127/1 3273/1126/1
f 3274/1129/1 3276/1131/1 3275/1130/1
f 3274/1129/1 3277/1132/1 3276/1131/1
f 3278/1022/65 3282/1024/66 3281/1023/65
f 3278/1022/65 3283/1025/66 3282/1024/66
f 3278/1022/65 3281/1023/65 3280/1026/67
f 3278/1022/65 3280/1026/67 3279/1027/67
f 3282/1024/66 3283/1025/66 3284/1028/68
f 3282/1024/66 3284/1028/68 3285/1029/68
f 3284/1028/68 3286/1030/69 3285/1029/68
f 3284/1028/68 3287/1031/142 3286/1030/69
f 3286/1030/69 3287/1031/142 3288/1032/70
f 3286/1030/69 3288/1032/70 3289/1033/70
f 3288/1032/70 3290/1034/71 3289/1033/70
f 3288/1032/70 3291/1035/71 3290/1034/71
f 3292/1320/6 3294/1316/6 3293/1322/6
f 3292/1320/6 3295/1319/6 3294/1316/6
f 3293/1322/6 3294/1316/6 3296/1321/6
f 3297/1318/6 3294/1316/6 3295/1319/6
f 3297/1318/6 3298/1317/6 3294/1316/6
f 3299/1040/4 3301/1039/4 3300/1036/4
f 3299/1040/4 3300/1036/4 3302/1037/4
f 3302/1037/4 3300/1036/4 3303/1038/4
f 3308/1330/4 3311/1331/4 3310/1332/4
f 3308/1330/4 3312/1333/4 3311/1331/4
f 3308/1330/4 3310/1332/4 3309/1334/4
f 3304/1335/4 3306/1336/4 3305/1337/4
f 3304/1335/4 3305/1337/4 3307/1338/4
f 3311/1331/4 3312/1333/4 3313/1339/4
f 3315/1051/72 3317/1052/74 3318/1053/73
f 3315/1051/72 3318/1053/73 3319/1054/73
f 3315/1051/72 3316/1050/75 3317/1052/74
f 3314/1049/75 3316/1050/75 3315/1051/72
f 3318/1053/73 3320/1055/76 3319/1054/73
f 3318/1053/73 3321/1056/77 3320/1055/76
f 3320/1055/76 3321/1056/77 3322/1057/78
f 3320/1055/76 3322/1057/78 3323/1058/78
f 3322/1057/78 3324/1059/79 3323/1058/78
f 3322/1057/78 3325/1060/80 3324/1059/79
f 3324/1059/79 3325/1060/80 3326/1061/81
f 3324/1059/79 3326/1061/81 3327/1062/81
f 3332/1134/82 3335/1136/83 3334/1135/83
f 3332/1134/82 3334/1135/83 3333/1138/82
f 3334/1135/83 3335/1136/83 3336/1137/85
f 3328/1139/86 3330/1034/71 3329/1035/71
f 3328/1139/86 3331/1140/86 3330/1034/71
f 3334/1135/83 3336/1137/85 3337/1141/85
f 3336/1137/85 3338/1142/87 3337/1141/85
f 3336/1137/85 3339/1143/143 3338/1142/87
f 3338/1142/87 3339/1143/143 3340/1144/88
f 3338/1142/87 3340/1144/88 3341/1145/88
f 3340/1144/88 3342/1146/89 3341/1145/88
f 3340/1144/88 3343/1147/89 3342/1146/89
f 3342/1146/89 3343/1147/89 3344/1148/90
f 3342/1146/89 3344/1148/90 3345/1149/90
f 3344/1148/90 3346/1150/91 3345/1149/90
f 3344/1148/90 3347/1151/144 3346/1150/91
f 3346/1150/91 3347/1151/144 3348/1152/92
f 3346/1150/91 3348/1152/92 3349/1153/92
f 3348/1152/92 3350/1154/5 3349/1153/92
f 3348/1152/92 3351/1155/5 3350/1154/5
f 3350/1154/5 3351/1155/5 3352/1152/93
f 3350/1154/5 3352/1152/93 3353/1153/93
f 3352/1152/93 3354/1150/94 3353/1153/93
f 3352/1152/93 3355/1151/94 3354/1150/94
f 3354/1150/94 3355/1151/94 3356/1148/95
f 3354/1150/94 3356/1148/95 3357/1149/95
f 3356/1148/95 3358/1146/96 3357/1149/95
f 3356/1148/95 3359/1147/145 3358/1146/96
f 3358/1146/96 3359/1147/145 3360/1144/97
f 3358/1146/96 3360/1144/97 3361/1145/97
f 3360/1144/97 3362/1142/98 3361/1145/97
f 3360/1144/97 3363/1143/146 3362/1142/98
f 3362/1142/98 3363/1143/146 3364/1137/99
f 3362/1142/98 3364/1137/99 3365/1141/99
f 3364/1137/99 3366/1135/100 3365/1141/99
f 3364/1137/99 3367/1136/100 3366/1135/100
f 3366/1135/100 3367/1136/100 3368/1134/101
f 3366/1135/100 3368/1134/101 3369/1138/101
f 3370/1139/102 3372/1034/103 3371/1140/102
f 3370/1139/102 3373/1035/103 3372/1034/103
f 3375/1063/104 3376/1061/105 3377/1064/104
f 3375/1063/104 3377/1064/104 3378/1065/107
f 3374/1062/105 3376/1061/105 3375/1063/104
f 3375/1063/104 3378/1065/107 3379/1066/106
f 3380/1159/106 3382/1183/106 3381/1157/108
f 3381/1157/108 3382/1183/106 3383/1182/108
f 3381/1157/108 3383/1182/108 3384/1181/147
f 3381/1157/108 3384/1181/147 3385/1162/109
f 3384/1181/147 3386/1163/110 3385/1162/109
f 3384/1181/147 3387/1180/110 3386/1163/110
f 3386/1163/110 3387/1180/110 3388/1179/111
f 3386/1163/110 3388/1179/111 3389/1166/111
f 3388/1179/111 3390/1167/112 3389/1166/111
f 3388/1179/111 3391/1178/112 3390/1167/112
f 3390/1167/112 3391/1178/112 3392/1177/113
f 3390/1167/112 3392/1177/113 3393/1170/113
f 3392/1177/113 3394/1171/114 3393/1170/113
f 3392/1177/113 3395/1176/114 3394/1171/114
f 3394/1171/114 3395/1176/114 3396/1175/6
f 3394/1171/114 3396/1175/6 3397/1174/6
f 3397/1174/6 3399/1173/6 3398/1171/115
f 3398/1171/115 3399/1173/6 3400/1172/115
f 3398/1171/115 3400/1172/115 3401/1169/116
f 3398/1171/115 3401/1169/116 3402/1170/116
f 3401/1169/116 3403/1167/117 3402/1170/116
f 3401/1169/116 3404/1168/117 3403/1167/117
f 3403/1167/117 3404/1168/117 3405/1165/118
f 3403/1167/117 3405/1165/118 3406/1166/118
f 3405/1165/118 3407/1163/119 3406/1166/118
f 3405/1165/118 3408/1164/119 3407/1163/119
f 3407/1163/119 3408/1164/119 3409/1161/120
f 3407/1163/119 3409/1161/120 3410/1162/121
f 3409/1161/120 3411/1157/122 3410/1162/121
f 3409/1161/120 3412/1160/122 3411/1157/122
f 3411/1157/122 3412/1160/122 3413/1158/123
f 3411/1157/122 3413/1158/123 3414/1159/123
f 3415/1066/148 3417/1156/148 3416/1063/124
f 3416/1063/124 3417/1156/148 3418/1064/124
f 3416/1063/124 3418/1064/124 3419/1061/125
f 3416/1063/124 3419/1061/125 3420/1062/125
f 3421/1318/5 3423/1319/5 3422/1316/5
f 3421/1318/5 3422/1316/5 3424/1317/5
f 3425/921/4 3427/923/4 3426/922/4
f 3425/921/4 3428/924/4 3427/923/4
f 3429/1340/5 3431/1341/5 3430/1342/5
f 3432/1343/5 3429/1340/5 3430/1342/5
f 3433/1191/5 3437/1188/5 3436/1189/5
f 3433/1191/5 3436/1189/5 3435/1192/5
f 3436/1189/5 3437/1188/5 3438/1185/5
f 3437/1188/5 3439/1186/5 3438/1185/5
f 3433/1191/5 3435/1192/5 3434/1193/5
f 3438/1185/5 3439/1186/5 3440/1184/5
f 3439/1186/5 3441/1187/5 3440/1184/5
f 3440/1184/5 3441/1187/5 3442/1190/5
f 3444/1059/126 3446/1133/149 3447/1057/127
f 3444/1059/126 3447/1057/127 3448/1058/127
f 3444/1059/126 3445/1061/129 3446/1133/149
f 3443/1062/129 3445/1061/129 3444/1059/126
f 3447/1057/127 3449/1055/130 3448/1058/127
f 3447/1057/127 3450/1056/131 3449/1055/130
f 3449/1055/130 3450/1056/131 3451/1053/132
f 3449/1055/130 3451/1053/132 3452/1054/132
f 3451/1053/132 3453/1051/133 3452/1054/132
f 3451/1053/132 3454/1052/150 3453/1051/133
f 3453/1051/133 3454/1052/150 3455/1050/134
f 3453/1051/133 3455/1050/134 3456/1049/135
f 3457/1308/1 3459/1311/1 3458/1310/1
f 3457/1308/1 3458/1310/1 3460/1309/1
f 3462/1059/126 3464/1133/149 3465/1057/127
f 3462/1059/126 3465/1057/127 3466/1058/151
f 3462/1059/126 3463/1061/129 3464/1133/149
f 3461/1062/129 3463/1061/129 3462/1059/126
f 3465/1057/127 3467/1055/130 3466/1058/151
f 3465/1057/127 3468/1056/131 3467/1055/130
f 3467/1055/130 3468/1056/131 3469/1053/132
f 3467/1055/130 3469/1053/132 3470/1054/132
f 3469/1053/132 3471/1051/133 3470/1054/132
f 3469/1053/132 3472/1052/133 3471/1051/133
f 3471/1051/133 3472/1052/133 3473/1050/134
f 3471/1051/133 3473/1050/134 3474/1049/135
f 3475/1032/136 3479/1030/137 3478/1033/136
f 3475/1032/136 3480/1031/137 3479/1030/137
f 3475/1032/136 3478/1033/136 3477/1034/103
f 3475/1032/136 3477/1034/103 3476/1035/103
f 3479/1030/137 3480/1031/137 3481/1028/138
f 3479/1030/137 3481/1028/138 3482/1029/138
f 3481/1028/138 3483/1024/139 3482/1029/138
f 3481/1028/138 3484/1025/139 3483/1024/139
f 3483/1024/139 3484/1025/139 3485/1022/140
f 3483/1024/139 3485/1022/140 3486/1023/140
f 3485/1022/140 3487/1026/141 3486/1023/140
f 3485/1022/140 3488/1027/141 3487/1026/141
f 3493/1332/1 3496/1333/1 3495/1330/1
f 3493/1332/1 3497/1331/1 3496/1333/1
f 3493/1332/1 3495/1330/1 3494/1334/1
f 3489/1335/1 3491/1337/1 3490/1336/1
f 3489/1335/1 3492/1338/1 3491/1337/1
f 3496/1333/1 3497/1331/1 3498/1339/1
f 3499/1018/6 3501/1019/6 3500/1021/6
f 3499/1018/6 3502/1020/6 3501/1019/6
f 3500/1021/6 3501/1019/6 3503/1017/6
f 3504/927/6 3506/925/6 3505/928/6
f 3504/927/6 3507/926/6 3506/925/6
f 3508/1344/4 3510/1345/4 3509/1346/4
f 3508/1344/4 3509/1346/4 3511/1347/4
f 3511/1347/4 3509/1346/4 3512/1348/4
f 3513/927/5 3515/928/5 3514/925/5
f 3513/927/5 3514/925/5 3516/926/5
f 3517/922/4 3519/923/4 3518/924/4
f 3517/922/4 3518/924/4 3520/921/4
usemtl textures/venice_ase_c1/castle_c09_2
f 3521/1349/3 3523/1350/3 3522/1351/3
f 3522/1351/3 3523/1350/3 3525/1352/3
f 3523/1350/3 3526/1353/3 3525/1352/3
f 3521/1349/3 3524/1354/3 3523/1350/3
f 3523/1350/3 3527/1355/3 3526/1353/3
f 3523/1350/3 3524/1354/3 3528/1356/3
f 3523/1350/3 3528/1356/3 3529/1357/3
f 3523/1350/3 3529/1357/3 3530/1358/3
f 3523/1350/3 3530/1358/3 3527/1355/3
f 3531/1359/3 3533/1360/3 3532/1361/3
f 3531/1359/3 3532/1361/3 3551/1362/3
f 3532/1361/3 3550/1363/3 3551/1362/3
f 3532/1361/3 3535/1364/3 3550/1363/3
f 3532/1361/3 3534/1365/3 3535/1364/3
f 3532/1361/3 3536/1366/3 3534/1365/3
f 3532/1361/3 3537/1367/3 3536/1366/3
f 3532/1361/3 3538/1368/3 3537/1367/3
f 3532/1361/3 3539/1369/3 3538/1368/3
f 3532/1361/3 3540/1370/3 3539/1369/3
f 3532/1361/3 3541/1371/3 3540/1370/3
f 3532/1361/3 3542/1372/3 3541/1371/3
f 3532/1361/3 3543/1373/3 3542/1372/3
f 3532/1361/3 3544/1374/3 3543/1373/3
f 3532/1361/3 3545/1375/3 3544/1374/3
f 3532/1361/3 3546/1376/3 3545/1375/3
f 3547/1377/3 3549/1378/3 3548/1379/3
f 3547/1377/3 3548/1379/3 3552/1380/3
f 3548/1379/3 3553/1381/3 3552/1380/3
f 3548/1379/3 3554/1382/3 3553/1381/3
f 3548/1379/3 3555/1383/3 3554/1382/3
f 3548/1379/3 3556/1384/3 3555/1383/3
f 3548/1379/3 3557/1385/3 3556/1384/3
f 3548/1379/3 3558/1386/3 3557/1385/3
f 3548/1379/3 3559/1387/3 3558/1386/3
f 3548/1379/3 3560/1388/3 3559/1387/3
f 3548/1379/3 3561/1389/3 3560/1388/3
f 3548/1379/3 3562/1390/3 3561/1389/3
f 3548/1379/3 3563/1391/3 3562/1390/3
f 3548/1379/3 3564/1392/3 3563/1391/3
f 3548/1379/3 3565/1393/3 3564/1392/3
f 3548/1379/3 3566/1394/3 3565/1393/3
f 3567/1361/3 3569/1395/3 3568/1360/3
f 3568/1360/3 3569/1395/3 3570/1396/3
f 3567/1361/3 3571/1397/3 3569/1395/3
f 3569/1395/3 3572/1398/3 3570/1396/3
f 3569/1395/3 3571/1397/3 3573/1399/3
f 3569/1395/3 3573/1399/3 3574/1400/3
f 3569/1395/3 3574/1400/3 3575/1401/3
f 3569/1395/3 3575/1401/3 3576/1402/3
f 3569/1395/3 3576/1402/3 3572/1398/3
f 3577/1403/3 3579/1404/3 3578/1405/3
f 3577/1403/3 3580/1406/3 3579/1404/3
f 3582/1407/4 3583/1408/4 3584/1409/4
f 3581/1410/4 3583/1408/4 3582/1407/4
f 3582/1407/4 3584/1409/4 3586/1411/4
f 3581/1410/4 3582/1407/4 3585/1412/4
f 3583/1408/4 3587/1413/4 3584/1409/4
f 3582/1407/4 3586/1411/4 3589/1414/4
f 3582/1407/4 3589/1414/4 3585/1412/4
f 3584/1409/4 3588/1415/4 3586/1411/4
f 3586/1411/4 3588/1415/4 3590/1416/4
f 3588/1415/4 3591/1417/4 3590/1416/4
f 3590/1416/4 3591/1417/4 3592/1418/4
f 3590/1416/4 3592/1418/4 3593/1419/4
f 3592/1418/4 3594/1420/4 3593/1419/4
f 3593/1419/4 3594/1420/4 3595/1421/4
f 3594/1420/4 3596/1422/4 3595/1421/4
f 3589/1414/4 3595/1421/4 3596/1422/4
f 3585/1412/4 3589/1414/4 3596/1422/4
f 3597/1423/2 3599/1424/2 3598/1425/2
f 3600/1426/2 3599/1424/2 3597/1423/2
f 3600/1426/2 3601/1427/2 3599/1424/2
f 3602/1428/4 3604/704/4 3603/804/4
f 3602/1428/4 3605/1429/4 3604/704/4
f 3602/1428/4 3603/804/4 3607/1430/4
f 3602/1428/4 3607/1430/4 3608/1431/4
f 3604/704/4 3605/1429/4 3606/1432/4
f 3607/1430/4 3609/499/4 3608/1431/4
f 3608/1431/4 3609/499/4 3610/1433/4
f 3608/1431/4 3610/1433/4 3611/1434/4
f 3612/1435/6 3614/1436/6 3613/1437/6
f 3612/1435/6 3613/1437/6 3615/1438/6
f 3615/1438/6 3613/1437/6 3616/1439/6
f 3615/1438/6 3616/1439/6 3617/1440/6
f 3617/1440/6 3616/1439/6 3618/1441/6
f 3619/1442/2 3621/1443/2 3620/1423/2
f 3619/1442/2 3620/1423/2 3622/1426/2
f 3623/1444/6 3625/1438/6 3624/1435/6
f 3623/1444/6 3626/1445/6 3625/1438/6
f 3627/1424/3 3629/1423/3 3628/1425/3
f 3630/1427/3 3629/1423/3 3627/1424/3
f 3630/1427/3 3631/1426/3 3629/1423/3
f 3632/1446/1 3636/1447/1 3634/1448/1
f 3632/1446/1 3634/1448/1 3633/1449/1
f 3634/1448/1 3636/1447/1 3637/1450/1
f 3636/1447/1 3638/1451/1 3637/1450/1
f 3632/1446/1 3633/1449/1 3635/1452/1
f 3637/1450/1 3638/1451/1 3639/1453/1
f 3640/1454/3 3642/1426/3 3641/1423/3
f 3640/1454/3 3641/1423/3 3643/1455/3
f 3644/1398/2 3646/1395/2 3645/1402/2
f 3645/1402/2 3646/1395/2 3647/1401/2
f 3646/1395/2 3648/1400/2 3647/1401/2
f 3644/1398/2 3649/1396/2 3646/1395/2
f 3646/1395/2 3649/1396/2 3650/1360/2
f 3646/1395/2 3651/1399/2 3648/1400/2
f 3646/1395/2 3652/1397/2 3651/1399/2
f 3646/1395/2 3653/1361/2 3652/1397/2
f 3646/1395/2 3650/1360/2 3653/1361/2
f 3654/1379/2 3656/1390/2 3655/1389/2
f 3654/1379/2 3657/1391/2 3656/1390/2
f 3654/1379/2 3658/1392/2 3657/1391/2
f 3654/1379/2 3659/1393/2 3658/1392/2
f 3654/1379/2 3660/1394/2 3659/1393/2
f 3654/1379/2 3655/1389/2 3661/1388/2
f 3654/1379/2 3661/1388/2 3662/1387/2
f 3654/1379/2 3662/1387/2 3663/1386/2
f 3654/1379/2 3663/1386/2 3664/1385/2
f 3654/1379/2 3664/1385/2 3665/1384/2
f 3654/1379/2 3665/1384/2 3666/1383/2
f 3654/1379/2 3666/1383/2 3667/1382/2
f 3654/1379/2 3667/1382/2 3668/1381/2
f 3654/1379/2 3668/1381/2 3669/1380/2
f 3654/1379/2 3669/1380/2 3670/1377/2
f 3654/1379/2 3670/1377/2 3671/1378/2
f 3672/1361/2 3674/1376/15 3673/1375/15
f 3672/1361/2 3673/1375/15 3675/1374/2
f 3672/1361/2 3675/1374/2 3676/1373/2
f 3672/1361/2 3676/1373/2 3677/1372/2
f 3672/1361/2 3677/1372/2 3678/1371/2
f 3672/1361/2 3678/1371/2 3679/1370/2
f 3672/1361/2 3679/1370/2 3680/1369/2
f 3672/1361/2 3680/1369/2 3681/1368/2
f 3672/1361/2 3681/1368/2 3682/1367/2
f 3672/1361/2 3682/1367/2 3683/1366/2
f 3672/1361/2 3683/1366/2 3684/1365/2
f 3672/1361/2 3684/1365/2 3685/1364/2
f 3672/1361/2 3685/1364/2 3686/1363/2
f 3672/1361/2 3686/1363/2 3687/1362/2
f 3672/1361/2 3687/1362/2 3688/1359/2
f 3672/1361/2 3688/1359/2 3689/1360/2
f 3690/1355/2 3692/1350/2 3691/1358/2
f 3690/1355/2 3693/1353/2 3692/1350/2
f 3692/1350/2 3693/1353/2 3694/1352/2
f 3691/1358/2 3692/1350/2 3695/1357/2
f 3692/1350/2 3696/1356/2 3695/1357/2
f 3692/1350/2 3697/1354/2 3696/1356/2
f 3692/1350/2 3698/1349/2 3697/1354/2
f 3692/1350/2 3699/1351/2 3698/1349/2
f 3692/1350/2 3694/1352/2 3699/1351/2
f 3702/1456/152 3704/1457/153 3703/1458/152
f 3702/1456/152 3705/1459/153 3704/1457/153
f 3701/1460/154 3702/1456/152 3703/1458/152
f 3700/1461/154 3702/1456/152 3701/1460/154
f 3704/1457/153 3705/1459/153 3706/1462/155
f 3704/1457/153 3706/1462/155 3707/1463/155
f 3706/1462/155 3708/1464/156 3707/1463/155
f 3706/1462/155 3709/1465/156 3708/1464/156
f 3708/1464/156 3709/1465/156 3710/1466/157
f 3708/1464/156 3710/1466/157 3711/1467/157
f 3710/1466/157 3712/1468/158 3711/1467/157
f 3710/1466/157 3713/1469/158 3712/1468/158
f 3714/1470/2 3716/1471/2 3715/1472/2
f 3714/1470/2 3717/1473/2 3716/1471/2
f 3722/1474/159 3725/1475/160 3724/1476/160
f 3722/1474/159 3724/1476/160 3723/1477/159
f 3724/1476/160 3725/1475/160 3726/1478/161
f 3718/1469/158 3720/1479/162 3719/1468/158
f 3719/1468/158 3720/1479/162 3721/1480/162
f 3724/1476/160 3726/1478/161 3727/1481/163
f 3726/1478/161 3728/1482/164 3727/1481/163
f 3726/1478/161 3729/1483/165 3728/1482/164
f 3728/1482/164 3729/1483/165 3730/1484/166
f 3728/1482/164 3730/1484/166 3731/1485/166
f 3730/1484/166 3732/1486/167 3731/1485/166
f 3730/1484/166 3733/1487/168 3732/1486/167
f 3732/1486/167 3733/1487/168 3734/1488/169
f 3732/1486/167 3734/1488/169 3735/1489/170
f 3734/1488/169 3736/1490/171 3735/1489/170
f 3734/1488/169 3737/1491/171 3736/1490/171
f 3736/1490/171 3737/1491/171 3738/1492/172
f 3736/1490/171 3738/1492/172 3739/1493/173
f 3738/1492/172 3740/1494/6 3739/1493/173
f 3738/1492/172 3741/1495/6 3740/1494/6
f 3741/1495/6 3743/1496/174 3742/1497/6
f 3741/1495/6 3744/1498/175 3743/1496/174
f 3743/1496/174 3744/1498/175 3745/1499/176
f 3743/1496/174 3745/1499/176 3746/1500/176
f 3745/1499/176 3747/1501/177 3746/1500/176
f 3745/1499/176 3748/1502/178 3747/1501/177
f 3747/1501/177 3748/1502/178 3749/1503/179
f 3747/1501/177 3749/1503/179 3750/1504/180
f 3749/1503/179 3751/1505/181 3750/1504/180
f 3749/1503/179 3752/1506/181 3751/1505/181
f 3751/1505/181 3752/1506/181 3753/1507/182
f 3751/1505/181 3753/1507/182 3754/1508/183
f 3753/1507/182 3755/1509/184 3754/1508/183
f 3753/1507/182 3756/1510/185 3755/1509/184
f 3755/1509/184 3756/1510/185 3757/1511/186
f 3755/1509/184 3757/1511/186 3758/1512/186
f 3757/1511/186 3759/1513/187 3758/1512/186
f 3757/1511/186 3760/1514/187 3759/1513/187
f 3761/1515/188 3763/1516/189 3762/1517/189
f 3761/1515/188 3764/1518/188 3763/1516/189
f 3765/1519/1 3768/1416/1 3767/1418/1
f 3765/1519/1 3767/1418/1 3766/1412/1
f 3767/1418/1 3768/1416/1 3769/1415/1
f 3765/1519/1 3770/1419/1 3768/1416/1
f 3765/1519/1 3766/1412/1 3770/1419/1
f 3768/1416/1 3771/1409/1 3769/1415/1
f 3767/1418/1 3769/1415/1 3773/1417/1
f 3766/1412/1 3772/1520/1 3770/1419/1
f 3768/1416/1 3774/1411/1 3771/1409/1
f 3771/1409/1 3774/1411/1 3775/1407/1
f 3774/1411/1 3776/1414/1 3775/1407/1
f 3771/1409/1 3775/1407/1 3777/1408/1
f 3775/1407/1 3776/1414/1 3778/1521/1
f 3775/1407/1 3778/1521/1 3777/1408/1
f 3776/1414/1 3779/1522/1 3778/1521/1
f 3776/1414/1 3780/1421/1 3779/1522/1
f 3772/1520/1 3779/1522/1 3780/1421/1
f 3770/1419/1 3772/1520/1 3780/1421/1
f 3771/1409/1 3777/1408/1 3781/1413/1
f 3782/1472/3 3784/1473/3 3783/1471/3
f 3782/1472/3 3785/1470/3 3784/1473/3
f 3786/1426/2 3788/1423/2 3787/1455/2
f 3786/1426/2 3787/1455/2 3789/1454/2
f 3790/1441/6 3792/1440/6 3791/1438/6
f 3790/1441/6 3791/1438/6 3793/1439/6
f 3793/1439/6 3791/1438/6 3794/1435/6
f 3795/1437/6 3794/1435/6 3796/1436/6
f 3793/1439/6 3794/1435/6 3795/1437/6
f 3797/499/1 3799/1431/1 3798/1430/1
f 3797/499/1 3800/1433/1 3799/1431/1
f 3798/1430/1 3799/1431/1 3802/804/1
f 3799/1431/1 3800/1433/1 3801/1434/1
f 3799/1431/1 3803/1428/1 3802/804/1
f 3802/804/1 3803/1428/1 3804/704/1
f 3803/1428/1 3805/1429/1 3804/704/1
f 3804/704/1 3805/1429/1 3806/1432/1
f 3807/1424/2 3809/1423/2 3808/1425/2
f 3810/1427/2 3809/1423/2 3807/1424/2
f 3810/1427/2 3811/1426/2 3809/1423/2
f 3812/1438/6 3814/1444/6 3813/1445/6
f 3812/1438/6 3815/1435/6 3814/1444/6
f 3816/1423/3 3818/1424/3 3817/1425/3
f 3819/1426/3 3818/1424/3 3816/1423/3
f 3819/1426/3 3820/1427/3 3818/1424/3
f 3821/1426/3 3823/1442/3 3822/1443/3
f 3821/1426/3 3822/1443/3 3824/1423/3
f 3826/1523/190 3828/1524/190 3829/1525/191
f 3826/1523/190 3829/1525/191 3830/1526/191
f 3826/1523/190 3827/1515/188 3828/1524/190
f 3825/1518/188 3827/1515/188 3826/1523/190
f 3829/1525/191 3831/1527/192 3830/1526/191
f 3829/1525/191 3832/1528/192 3831/1527/192
f 3831/1527/192 3832/1528/192 3833/1529/193
f 3831/1527/192 3833/1529/193 3834/1530/193
f 3833/1529/193 3835/1531/194 3834/1530/193
f 3833/1529/193 3836/1532/194 3835/1531/194
f 3835/1531/194 3836/1532/194 3837/1533/195
f 3835/1531/194 3837/1533/195 3838/1534/195
f 3839/1406/2 3841/1405/2 3840/1403/2
f 3839/1406/2 3842/1404/2 3841/1405/2
f 3843/1448/4 3847/1450/4 3845/1446/4
f 3843/1448/4 3845/1446/4 3844/1452/4
f 3845/1446/4 3847/1450/4 3848/1447/4
f 3847/1450/4 3849/1453/4 3848/1447/4
f 3843/1448/4 3844/1452/4 3846/1449/4
f 3848/1447/4 3849/1453/4 3850/1451/4
